"(Intercept)","pag","pex","pman","pserve","pfire","potprof","pwh","pblk","phisp","metro"
-1.94937913759496,1.02524209712503,6.05447493176869,-1.3877379845131,4.03903139475047,-8.56066896634796,0,0.167683706264539,4.38165979786598,-6.96789874618563,-0.186670576316622
-2.07607481334162,0.91761011056069,4.98719948124776,-1.45635806674005,3.36854991299234,-10.1137169441371,0,0.418877156003023,4.52487831677245,-7.30019614419015,-0.23209875975537
-2.07865183011782,1.1073569909036,5.23246452192825,-1.41151737011432,3.86155108282687,-9.67527833428527,0,0.340215970611595,4.51269885268398,-7.77816948779968,-0.216553315249276
-1.85528401965646,1.13371382881666,3.02535291086064,-1.49985238855617,5.5688945127071,-10.0464476805027,-0.678091123586384,0.211810516973382,3.85558161742915,-4.98383919546111,-0.168938227130402
-1.98119593267421,1.05423014028294,5.95464888402515,-1.37647970131386,4.18096706269127,-8.7025095014744,0,0.186359529797997,4.38794906299725,-7.15395214691142,-0.193390329906722
-1.90069164757911,1.4293284563352,6.45805885085591,-1.246803731743,5.69276238799825,-8.71922419945268,0,-0.0340926460234909,3.81578295029404,-5.84074958405576,-0.161268277437171
-2.03751767613926,0.972835845528698,5.54264997445201,-1.38286107082982,3.69309091522212,-9.09396371794279,0,0.290295995746459,4.51888686394427,-7.64175076389748,-0.207361289590763
-1.84140514290643,1.50752520593051,4.72181433080174,-1.21258283454391,5.64322704298573,-8.56742384211035,0,-0.0976259358336435,3.62110822034123,-5.6499641716365,-0.135593054759296
-2.00536110431014,1.11434981117151,5.86498120590949,-1.36836671992451,4.40456525003799,-8.88082088821043,0,0.194500149169984,4.37423558997425,-7.28221638126744,-0.198291502989281
-2.01340499602752,1.37688270286758,5.6332718568091,-1.34031666566484,5.28038837870534,-10.1771785637676,0,0.190630055280071,4.19152745111307,-7.06328907372978,-0.206462643155211
-2.06112187395364,1.20997557756424,5.45327410492487,-1.38677335403402,4.3967271215247,-9.56706669348604,0,0.27207306330475,4.42928598513041,-7.66325773645741,-0.2096931274594
-2.0682500309622,1.35004205479543,5.17179802617245,-1.42094605669448,4.49093549292146,-10.6470335291794,0,0.3263715606459,4.38021595806508,-7.38930952033169,-0.217614676001893
-2.09418268749497,1.22523190785306,5.06257945217722,-1.43916770935802,3.98218964142506,-10.2176653749691,0,0.369359011644896,4.48651241029811,-7.62151122513179,-0.220141037750394
-2.08748062073683,1.07868447402869,5.15466580783751,-1.41980727335256,3.7118521491117,-9.75381183560804,0,0.364229059220296,4.52981570717329,-7.75343910383411,-0.218864494026374
-2.06341251638594,1.34273562687314,5.30070209648619,-1.39804254287497,4.61167191300506,-10.3066022967954,0,0.29226167158186,4.3775804443121,-7.51998216452867,-0.213037227646066
-1.87697123860997,1.00007259527468,4.46087349749555,-1.56399595605187,5.50966457631252,-10.8299235291805,-0.87114189329543,0.326849098691157,3.93923635997247,-4.69469943685364,-0.19383700958785
-2.08148663075506,1.31760768597207,5.0547842082438,-1.44528549922516,4.24056612411716,-10.666242340666,0,0.361484172992178,4.42272455282515,-7.38818178762732,-0.22105912814419
-2.07457511865223,1.31721565938712,5.2010905774335,-1.41557687480888,4.38757732722242,-10.3236127512799,0,0.322103162518324,4.42093781249181,-7.583184526278,-0.215595814799725
-1.87043589547398,1.41253044218895,5.00072571348578,-1.24483406742874,5.69143250416055,-9.43079699259392,0,-0.00995177316984082,3.43306605182088,-4.52971489036554,-0.162517035469969
-2.0123261174235,1.32365705832055,5.76399889860694,-1.3421746758784,5.16117067152713,-9.57645413919636,0,0.169764846789903,4.24085682547598,-7.19475941623285,-0.202255056641382
-2.04526181493067,1.35914489998175,5.42536852978372,-1.37683895288995,4.86792897728793,-10.2618460281028,0,0.254368533685383,4.31678835923178,-7.39583305329882,-0.210623573193481
-1.86991063726898,1.08243119385103,4.62042199074411,-1.50788024682246,5.6254645863196,-10.4592988950342,-0.76504507553505,0.25936113891852,3.89343931346836,-4.84754014126082,-0.186372375823278
-2.04934598116898,1.37376084112559,5.31514741579428,-1.39212191320477,4.81334346256141,-10.6631155287511,0,0.283634222648537,4.30256169618353,-7.24013988933227,-0.214482902728222
-2.09532792498619,1.21127649254655,4.94564978004735,-1.46711701333515,3.88132453293582,-10.4929761745603,0,0.399493284364859,4.4763525708072,-7.38119184904864,-0.226184055687867
-2.08337875120355,1.25327318011543,5.16552667890472,-1.42208385630476,4.15735606811128,-10.1166042255753,0,0.339017289478778,4.46685557714838,-7.68459571485341,-0.216767583598701
-2.08629889878886,1.1864141444525,5.19900486568575,-1.4160035664841,4.02723964720622,-9.86754012035577,0,0.339490511397832,4.49150109981269,-7.75307200110955,-0.215995120797085
-1.95996089046881,1.37493776094688,5.89969399743229,-1.29894526155738,5.66648930639943,-10.013254120171,0,0.109647795773049,3.98677695986045,-6.41130996599703,-0.199153010861319
-2.09151392102941,1.05767866160364,4.99208485177819,-1.45122109505181,3.59113137727522,-10.1016700361009,0,0.403575741079404,4.52177463742966,-7.5100033915637,-0.227104891839492
-1.95860227714772,1.20053698575405,6.19234362429309,-1.34742801861736,4.83730070367806,-8.64537078095989,0,0.106159315974499,4.22515932037176,-6.80528023362054,-0.185344011683824
-2.0909518148433,1.07991884568718,4.8888658254257,-1.48345870829152,3.61963653635516,-10.4453825976336,0,0.42581585704401,4.48999874237652,-7.21293747150001,-0.232933357212043
-2.04000945940627,1.02317574475026,5.56648629666534,-1.38241223616867,3.88919375933213,-9.10462990330329,0,0.276564594000472,4.4905502026461,-7.62414435557135,-0.207176634574814
-1.89892974323921,1.39136425449438,6.14009079753885,-1.24960307116279,5.82962675105515,-9.66014781891754,0,0.0187819756590442,3.66570718736928,-5.27975149664772,-0.180492165118625
-2.09306257344589,1.10862843412718,4.95549116362964,-1.46231366382383,3.68215080113923,-10.2678053051487,0,0.406472525194493,4.50517777695488,-7.4391396934565,-0.228078450567122
-1.91168071094997,1.10578344045011,6.30096112326299,-1.38732948532619,4.33576011525425,-8.34474989529225,0,0.0997550719352875,4.25620123186179,-6.55494846651556,-0.172924821064359
-2.09071177957127,1.0372754926336,4.87165070774534,-1.48886051148699,3.54709222993589,-10.4507319808953,0,0.434892433824,4.48920891652716,-7.12344908406201,-0.234875993881798
-1.88779733617867,1.21869971212313,6.51242729564945,-1.3623205652249,4.72348543804387,-8.20087209279069,0,0.0315131020627353,4.0966575338252,-6.22164918537595,-0.15918208955942
-1.88414814713063,1.39993054763671,6.5768570766651,-1.27231354577173,5.41573539247974,-8.34508361522619,0,-0.0443512404089897,3.87321565535953,-5.96600451002133,-0.150855870963783
-1.94122242504175,1.34826442566709,5.86019594772557,-1.29570559361035,5.67614628101713,-10.399555518213,0,0.115847962979887,3.85959346493873,-5.87513572961662,-0.200145258458618
-2.08846262817635,0.986329378811657,5.02806599676634,-1.44009654712218,3.45891774748942,-9.95898119479157,0,0.404280780235837,4.53834313906694,-7.52704194607518,-0.226452306501063
-2.08534920047519,1.29504256369294,5.09924188189936,-1.43386024238909,4.20031666795975,-10.4028125924008,0,0.352043399777752,4.44805878604265,-7.55718459440188,-0.218654517225075
-2.09061639648607,1.10026102715997,5.03401895736375,-1.44326960693771,3.69169276701402,-10.0519214159449,0,0.388728030662053,4.51965838468648,-7.61088177787259,-0.224228378757809
-2.05313618558765,1.00148309569404,5.45259409398836,-1.38727413570698,3.73441190666988,-9.22389821200376,0,0.30584382951229,4.52059826961476,-7.71305452301713,-0.210315485015897
-1.82650271462744,1.49108463028448,3.34241630766146,-1.23658004525782,5.37774862128035,-8.69938976293959,0,-0.0790668516369174,3.62996890312105,-5.88401909732338,-0.125730107183082
-2.08549745982682,0.985609975082358,4.94414777476541,-1.46567408828976,3.46784973773771,-10.2121974718358,0,0.422117293874678,4.51447895370982,-7.29907520948406,-0.232298897830069
-1.87122996389766,1.15786050119007,4.54785763677259,-1.46402218966961,5.71416777016371,-10.09104703991,-0.662952057186285,0.202145232095462,3.85723745108508,-5.00363128110421,-0.17747725415243
-1.90001766289879,1.31552126410561,5.90444912057741,-1.28051612198562,5.65539949742254,-10.2992317340158,0,0.079746906238322,3.63281625862997,-4.99586828709206,-0.191242780639591
-1.87880902465805,1.38280518532882,5.76499761947811,-1.24920832803598,5.70809567971529,-9.67490368440555,0,0.0121423309350278,3.50100678284059,-4.6575380418474,-0.172850474360489
-1.91267920587173,1.29696172125908,6.48977569226882,-1.31692874850302,5.15920350484799,-8.42953301007002,0,0.0212327765610598,4.04879725159975,-6.30898468739764,-0.167605556513131
-1.8626641713899,0.850387165089667,2.49931936115718,-1.70740393926502,5.22847264141244,-11.1244668478984,-1.09384630801909,0.435451118070119,4.00861627784943,-4.34393517318589,-0.194100664457688
-1.90069699545227,1.42378943533525,6.30220872345657,-1.24136536740329,5.8399468904416,-9.21889441512912,0,-0.0114822490023654,3.73639374739285,-5.5742827951579,-0.172920876855202
-2.08931866372952,1.28181853175687,4.97422452122366,-1.46345901546601,4.06696868318621,-10.6829496853955,0,0.386315402214889,4.443521019742,-7.3229283217139,-0.224258465585972
-1.88442202471762,1.46774816297317,5.84225242055521,-1.21948431485494,5.82884128947087,-8.91580440020257,0,-0.0529921884481138,3.64894354852996,-5.41448417221356,-0.156545876915381
-1.93211945462522,1.38883926431556,6.12787013053303,-1.27204608633359,5.81337505211757,-9.58397102726756,0,0.0486326434908748,3.88610955471388,-6.08822785789124,-0.189465671074905
-2.01458925039744,1.25775507689278,5.80415900764508,-1.35202656150929,4.93100461160954,-9.27356190274795,0,0.176169641644678,4.29245395451388,-7.26430638650154,-0.201129751996793
-1.93830229283931,1.14926126058199,6.26069785659996,-1.36494250656067,4.58539949874227,-8.46899064376055,0,0.103436991831865,4.24282612653526,-6.69397918224549,-0.179360317403653
-1.86095525162406,1.00692094355111,2.7900340863728,-1.59462149830275,5.44525187217336,-10.5261980109689,-0.868870931666313,0.313337142360349,3.9232681939209,-4.69580329598615,-0.180403848908393
-1.97813380029459,1.35534210367675,5.96204214062252,-1.31101736766571,5.50357486113587,-9.47435906600499,0,0.108217896652829,4.10970848791533,-6.80574617451486,-0.19674288423117
-2.041770049938,1.289190477393,5.57624804013091,-1.36825624245249,4.80106954325119,-9.66096360659804,0,0.226993996557927,4.34431113956467,-7.48088432905573,-0.206573404328007
-2.05997766045118,1.07800325762213,5.43867517499626,-1.38988258470152,3.97255435549653,-9.32688509705897,0,0.296358877530226,4.49063903138872,-7.71939729369903,-0.210774586774112
-2.07556857128322,1.03811506569252,5.28792514438331,-1.40090029855047,3.71285406800269,-9.48099314406048,0,0.338677611486695,4.53108899689804,-7.78324870813913,-0.214794024969786
-2.09213066229684,1.15320054894865,5.09310203867053,-1.43238703375995,3.84231491465529,-9.99547741186353,0,0.369525821627437,4.5101584776331,-7.69581822019366,-0.220178409770243
-1.92596533183706,1.37986476166495,6.37865923082252,-1.27518404883575,5.64215961329803,-8.90594635920299,0,0.0144659028159716,3.94120626886892,-6.18776938811197,-0.176789380516994
-1.99136669112765,1.19658402412542,5.9793565112509,-1.35249857629364,4.79042498909254,-8.89876921982147,0,0.150938101928989,4.28726457746172,-7.10050767060955,-0.195037704210636
-2.08545011775758,0.964002759281401,4.90553322550246,-1.4787755923798,3.44173159601952,-10.321062740423,0,0.433874526987335,4.50210617309818,-7.14472957976734,-0.23506835174166
-2.013687935444,1.18285932969477,5.81792433971445,-1.3621872349873,4.65361299805838,-9.06397639583681,0,0.189287295711575,4.34196674709802,-7.31196544194058,-0.200595909614333
-1.86418050647276,1.33226922633559,6.62487157272428,-1.32350840422157,5.02868202818413,-8.10767269876677,0,-0.0323330613542619,3.9269931595545,-5.95959127504803,-0.143668725816428
-2.07041956163164,0.951377528187977,5.21872803086797,-1.40709234382129,3.43637855734647,-9.5568748937778,0,0.36559478263217,4.55975984569875,-7.73339034519663,-0.218546664850593
-2.06977437731731,1.14188244976718,5.3513428936549,-1.39850727245004,4.08179369093364,-9.55628336995881,0,0.306710521598271,4.48130510724703,-7.75003532249549,-0.212867881399314
-2.02752660405168,1.08787591816859,5.70585988751535,-1.37510619400486,4.21415498507409,-9.02043625908114,0,0.23474668124587,4.42878363767477,-7.479432173965,-0.203306559882128
-2.0560302897947,1.31313612067291,5.41133702234512,-1.38486928444723,4.66120663166949,-9.98056057898038,0,0.265908520088604,4.37641011386696,-7.57061103500745,-0.210261862860854
-1.85614520147595,1.47486284832254,4.67592933500023,-1.21721632726951,5.77251027512522,-8.99905631439627,0,-0.0626423998978872,3.52267576422004,-5.09071140514233,-0.150964119535095
-1.9427157605902,1.30868611053743,6.3271672052497,-1.30918846351881,5.31496057195775,-8.72602077252701,0,0.050897181784629,4.08219022850167,-6.52038720492391,-0.179980863070251
-2.09062775836435,1.02372141472276,5.05794537577676,-1.43417455440357,3.53058750950169,-9.89800850396095,0,0.39374451298645,4.53935937340503,-7.62220652612908,-0.223871173971706
-2.02711596084783,1.34372650783996,5.61428634470394,-1.35438523546647,5.06581252744434,-9.88846263732043,0,0.204817656637539,4.27259112567739,-7.30857847737426,-0.206019188227773
-1.99957111024892,0.996364099889831,5.79284959612139,-1.38033892444245,3.89625285897707,-8.82702469616856,0,0.231089903070157,4.45916412517548,-7.3666050067535,-0.198946980550826
-2.09014190140395,1.00370253029116,4.89686577744447,-1.47968386440563,3.49384341747562,-10.3446909857496,0,0.432379726542419,4.50058219259947,-7.1790911402276,-0.234083125777667
-2.07910222223171,0.93595840983604,4.96156182267346,-1.4630033173427,3.3994492735068,-10.1760807861746,0,0.422856222875535,4.51792909360772,-7.26415654502492,-0.233061571760917
-1.9080678146544,1.40759640182371,6.41797009527645,-1.25766605436206,5.72144880750933,-8.90741045584763,0,-0.0107127483560098,3.85701583152365,-5.94475866684704,-0.171725386827193
-2.08314717990562,0.969759958448912,5.12180469838967,-1.42067497152548,3.43598244693542,-9.73669946267673,0,0.386156338183969,4.55422694709703,-7.66834700548713,-0.221863002462382
-2.09149353055898,1.25805506447324,5.01134638421125,-1.45198079258499,4.02593608836657,-10.4615836597198,0,0.378282113864721,4.46617959717721,-7.48180353634018,-0.222473294086955
-1.85393538661835,1.40771743446603,6.49352998720279,-1.28634027198676,5.24110637383843,-8.1221634021753,0,-0.0685911903824732,3.81866843602264,-5.86676149926086,-0.13556162914856
-2.0808892967756,1.00006445144344,5.20565764828835,-1.40853459403726,3.54513944433347,-9.5819257718477,0,0.363638573770505,4.54980090535379,-7.76058759963778,-0.217724428743829
-2.09194948075874,1.05680662375605,4.92141216547169,-1.47148228272505,3.57924894976303,-10.3056507416716,0,0.420454897288165,4.50465456292321,-7.315071020009,-0.231252578111026
-2.03792896094625,1.17148951405267,5.63113585500666,-1.37487178295843,4.46439201518659,-9.26355480774556,0,0.234476490913264,4.40029611748128,-7.52561109296343,-0.205901770060611
-1.9710839958835,1.09853491701449,6.05137384794414,-1.37062735867725,4.3849768640111,-8.64718770026346,0,0.157627665518743,4.33569225741847,-7.01927648561269,-0.189941845685919
-2.02136118600863,1.04342379787649,5.71932324801229,-1.37713563647656,4.05449846546963,-8.94981685658947,0,0.240031827964001,4.44936139715231,-7.467270572054,-0.202433774895501
-2.07291295010896,1.26608944003941,5.31452744277273,-1.40003512383529,4.37913066825336,-9.91379186689015,0,0.299423435269005,4.43548546076017,-7.68840719260952,-0.212349566456357
-1.90946036857071,1.36426705747037,6.49550920266895,-1.28370920978923,5.46889322329424,-8.58896780852955,0,-0.00386642574749892,3.95604784490588,-6.1652377502546,-0.167794248125438
-1.83460209089164,1.46169119944409,3.29027585746834,-1.23784736046868,5.56260156593114,-9.02866443959789,0,-0.0579085761517719,3.52033459901017,-5.24675823036664,-0.140875502880711
-1.974488642192,1.28833391946453,6.08941399784378,-1.32511745974069,5.22693986044819,-8.99709876065621,0,0.103189732617471,4.17088656671682,-6.85359336778913,-0.191509793957656
-2.08297829177701,0.957812712964895,4.99080742202985,-1.45205720719974,3.42146163849825,-10.0757334099844,0,0.414496161340967,4.52865405740297,-7.39207917349934,-0.230142449474156
-2.00561169350312,1.38156435838103,5.57842635618858,-1.33968838705748,5.33859768846405,-10.5928734175447,0,0.20183851136166,4.12657587536515,-6.77714401460098,-0.209561651240745
-2.09407832651156,1.23197024883126,4.92936412053816,-1.47318631094584,3.91735746778241,-10.6119742621872,0,0.402172869157477,4.46345287439636,-7.30015433954466,-0.226854632885541
-1.90324106655906,1.24553528706843,6.49839074625225,-1.34303690814953,4.89442357655995,-8.29595943225959,0,0.0320582977750762,4.09065105162768,-6.30306097251573,-0.163998401474772
-2.08635384514209,1.04846483751737,5.10834088721744,-1.42697795318999,3.60963793075229,-9.81925945408826,0,0.378215406338341,4.53683719436506,-7.70265905596077,-0.221587179297384
-2.09540967004876,1.17918120667024,4.99003018162893,-1.45423858572383,3.83777938602943,-10.2882709931231,0,0.391207536095784,4.4948908932655,-7.51920589151149,-0.224416053308067
-2.09549611919493,1.14243572824961,4.91192876383788,-1.47519118468833,3.73313382964605,-10.4435864402659,0,0.41429049543464,4.48815649176481,-7.31643558725529,-0.229467167636032
-1.86824265937016,1.48044413780897,5.93736876940924,-1.22444657251907,5.65819538760394,-8.46644404440502,0,-0.0825314010125469,3.71567936253138,-5.74618123723043,-0.142512779804927
-1.88310528447096,1.30181321025323,5.71464438748809,-1.28239290735743,5.5246779700965,-10.1728697393144,0,0.0685876870402363,3.46724090907553,-4.34225962036047,-0.182055012020248
-2.09052910688093,1.02149227633339,4.96664250248172,-1.45726804280044,3.51732379036845,-10.144073705701,0,0.413919356639587,4.52111948468861,-7.4155572949625,-0.229396049415251
-1.83533130216819,1.39115050846047,3.00666059653304,-1.2778211646632,5.41400171667442,-9.4179087652981,0,-0.00582096535518399,3.33811960605299,-4.29252108404161,-0.15089852090543
-1.94993444278895,1.35445534604146,6.21382265035041,-1.29452521546894,5.57046159698733,-9.08654786172281,0,0.0557574971143342,4.02923518870397,-6.48034079302235,-0.186189135740605
-2.02946342924419,0.69713008745363,3.92912061069083,-1.96099905073048,3.92556677814862,-13.348725256131,-1.17751670279451,0.819341907710658,4.47256538991487,-4.65250444707812,-0.246492098666265
-2.01180818347963,0.62021414264659,3.694723168709,-1.99030388022542,3.94971498487108,-13.4184797253693,-1.30644870719768,0.841432079266865,4.44752195656306,-4.36686461106539,-0.245936748407433
-2.05951094364123,1.21968765360824,4.77307225296656,-1.54959331875443,4.0832064376984,-11.9142937529351,0,0.44836105676138,4.2216536102752,-5.73537033664408,-0.235458030894034
-1.95914060878281,1.29308048472415,5.62124667490172,-1.3410250134183,5.3864190190432,-11.0207945427492,0,0.192227647906188,3.87849740068471,-5.69584671348482,-0.207840009180649
-2.02376331233193,0.811609420734875,4.34410125381401,-1.85257586605386,4.17768632636622,-13.0502532335357,-0.959777030951916,0.717491210643668,4.41967158500791,-5.04934270592403,-0.242068581202246
-2.01557786041146,1.2668449555226,5.16751440740225,-1.4367811247326,4.81762478041916,-11.758777038335,0,0.329427112655433,4.0459747376298,-5.73570352013052,-0.223781088446586
-2.06183069286234,1.26455827861123,4.86034473308993,-1.51941456870502,4.19927228562282,-11.7207414654659,0,0.422789164792883,4.25923017095858,-6.12001405765362,-0.232429952878789
-1.97443925850406,1.10769930382728,5.17908723282982,-1.46411687267568,4.65217016416976,-11.9356010547513,0,0.335657389100421,3.81202674700961,-4.73924067061282,-0.215796440964879
-1.97163214627242,0.928979140773307,4.95097521203661,-1.65888554296925,4.9200535577622,-12.3096160510756,-0.770027153753866,0.513705470178165,4.21719545258119,-5.28717108082007,-0.227475287325413
-2.08064218898617,1.1567915952478,4.60023056614479,-1.60034378523229,3.72731286451697,-11.7743646773553,0,0.497566631002081,4.29201736532875,-5.66914384816709,-0.241845735288417
-2.05788252742977,1.34793409062892,5.10537160771126,-1.44127332597533,4.51812016695513,-11.1479992987269,0,0.347042796548135,4.31262064437846,-6.9365586141756,-0.222530100387689
-1.99549919464929,1.23256719717458,5.22269151982064,-1.4205902868897,4.95114595431694,-11.7863710293566,0,0.305959445552813,3.93255321464882,-5.34399333947066,-0.221768739299509
-2.0864252646923,1.19913034443694,4.72191056783785,-1.55236067820407,3.82289528243138,-11.3716154719656,0,0.462022931420459,4.3678621859592,-6.33714439541703,-0.237858834855588
-2.0803674357761,1.28237726187794,4.89922521931551,-1.49272862059571,4.06921592681864,-11.0902285570268,0,0.407660289680126,4.39520447202805,-6.91645920221976,-0.229440379890612
-2.06976794097195,1.07427319831359,4.42861635406272,-1.65503208680947,3.55695088180266,-12.2846426405401,0,0.54189561322434,4.12820103175395,-4.54671708636609,-0.242492356559664
-2.05936288744019,1.15834833603966,4.65365002005519,-1.58942238220362,3.92795877077944,-12.1518167010526,0,0.482639106638419,4.16014206182905,-5.17563631149261,-0.238055655138843
-1.99913983134581,0.519053610376487,3.18027651999576,-2.06140216476494,3.82425545795252,-13.5513404863219,-1.48665490044133,0.901604098059817,4.46646418216383,-4.06192299039293,-0.24847808455261
-2.03294500114986,0.878771581191649,4.45037289198185,-1.81710005849167,4.19951934298344,-12.9010661286298,-0.85100514038765,0.686199755189755,4.42997147408801,-5.31910715389095,-0.241353103524764
-2.08827178762739,1.23007913036717,4.80028399698443,-1.52238067668019,3.8964234995829,-11.1543831742038,0,0.438484089622503,4.39915284689009,-6.69030738586702,-0.234022348219081
-1.95156145943331,0.556259999142698,3.4864637527191,-1.93822612878722,4.31438839285786,-13.0850185107431,-1.39100250470297,0.767346981275297,4.30720915723172,-4.02328595557363,-0.237576695571339
-2.05039203406392,1.07333471125618,4.5294479400112,-1.62351060855292,3.77418762062632,-12.4072351553212,0,0.511249809288328,4.03903373390053,-4.40126873725466,-0.238489065197364
-2.08293152016815,1.15864546632792,4.62450390796388,-1.59024761203869,3.72634620839069,-11.6406389249125,0,0.490746440924047,4.32067021915145,-5.86328080008903,-0.24169468842573
-2.00863092269237,1.35738417729143,5.44515688067294,-1.36432239698594,5.19549632302761,-11.0666533847985,0,0.243644669400019,4.0996865730799,-6.47750531442659,-0.214832518573144
-2.06048666404135,1.07363991083184,4.47196400478557,-1.64162862631837,3.65540108272894,-12.36194225266,0,0.528789601750443,4.08336227258797,-4.45602066159896,-0.24054478759615
-1.95584613624337,0.825295963219676,4.74126946208793,-1.71470417738386,4.83667122393257,-12.4753793269186,-0.931250592685612,0.561109570934323,4.20276175212374,-4.86095319396628,-0.228469718830943
-2.09132619186463,1.21647437448055,4.88227508267951,-1.48945280886395,3.8732525568163,-10.7518226730454,0,0.415753033242796,4.45108271367771,-7.130120586351,-0.230193825241001
-2.01221223986371,0.858414019039455,4.54995160689863,-1.78797640490737,4.40218009907836,-12.8525188231422,-0.876256054899263,0.65352809274962,4.36326832088286,-5.17852370437336,-0.237861145784515
-2.07044998992114,1.31585908993928,4.96832836417904,-1.47695674062371,4.25328537336632,-11.2092973272568,0,0.387690080825475,4.35442869322865,-6.86287563666829,-0.227130450030539
-2.0193008900238,1.18909246284471,4.98233527785233,-1.49026072272896,4.55697329337069,-12.0907722077014,0,0.382431878895863,3.99146939259008,-5.13554025779241,-0.228026563406491
-2.03682479001514,1.16966968944671,4.82384287028634,-1.53822832828912,4.27115846237573,-12.2003582163219,0,0.431970102607312,4.05374923632192,-5.07543189550988,-0.232429282970441
-2.08550671628686,1.16052191874498,4.64924485588769,-1.57966685115484,3.72905968836334,-11.5151508421936,0,0.483906187132901,4.34449062309952,-6.03707890407821,-0.241192311220135
-2.03425032036698,1.29508143374076,5.10076488093767,-1.45302778205571,4.65467209170357,-11.6761816448172,0,0.351996283517127,4.15210818248836,-6.10210637647029,-0.225477761490772
-2.03697524451543,1.07631993316065,4.63067546431429,-1.59148546099954,3.98634295315346,-12.4297299786933,0,0.480040476979506,3.96928569883695,-4.33844848446927,-0.234912328902591
-1.99072570066474,1.11948795550665,5.01778477195335,-1.47022380100304,4.70064136654982,-12.1151315972253,0,0.35308287818714,3.7961782073044,-4.43728174557345,-0.223983395496894
-2.00335867317043,0.748507608361819,4.29262345457741,-1.85962036220546,4.27944761844893,-13.0828328295295,-1.05828293030293,0.718586409440958,4.37009430963138,-4.76638418306112,-0.240013847037334
-2.06972726194359,1.22734867174112,4.7513564917399,-1.55251840808168,3.99953690881455,-11.7474253113271,0,0.453937075369554,4.27986573043038,-5.97215420144963,-0.236275720953676
-1.91000554810532,1.13898386829642,5.43992016776531,-1.37250515246749,5.06809703913676,-11.2668942567878,0,0.208335970435482,3.57399770775246,-4.28386635566774,-0.202904083884899
-2.03650553919546,0.774995415445915,4.1509763723777,-1.9111684500292,3.97886289588433,-13.1946516492073,-1.03609535933215,0.774778815796067,4.47232639887041,-4.94566770304557,-0.245596429615551
-2.07504838232202,1.14514283809982,4.5672551699998,-1.61370447974791,3.72970883591942,-11.9883904666531,0,0.506841240790224,4.23501126078206,-5.32395711914934,-0.241648408775067
-2.06657815842097,1.17644069580836,4.65604982032023,-1.58685287474483,3.88281760387846,-11.9832807046986,0,0.481968398192063,4.22567820956236,-5.48401534886778,-0.239073543175501
-2.05087570949736,1.24938216631488,4.89105732790143,-1.51444936429967,4.30810949071305,-11.8899206909617,0,0.414839237876744,4.18668209610679,-5.82775791226971,-0.231544357410286
-2.08460175935265,1.2833334135233,4.93675246441977,-1.47720222567055,4.06556197849302,-10.8751072899173,0,0.396373890253231,4.42290988516063,-7.1448365752566,-0.226913205358918
-1.97117698323946,0.684989677891962,4.18646331702057,-1.85042384348521,4.46806475071811,-12.947425099119,-1.16530456151733,0.696159978072608,4.28897594309927,-4.44008159366698,-0.23531531568207
-1.97451737035176,0.483531362520055,3.02936575907426,-2.04290903530607,3.99235309612477,-13.4277864221928,-1.52834632221186,0.872959711932086,4.40518388257163,-3.88843191908579,-0.244579476775837
-1.89615482871702,0.998847183847714,5.24262253022738,-1.5427252451999,5.47072446585827,-11.1899352646103,-0.779257177299755,0.339646464677906,3.98779819238539,-4.93328576790036,-0.204435898655473
-1.910067881444,0.769065957319242,4.410280549804,-1.71715127466492,4.9920269782621,-12.113060635383,-1.08464633600465,0.531673330379631,4.1091673156173,-4.41898388633151,-0.219770247429962
-2.0731129283457,1.26761302788522,4.83595064714989,-1.52032238142631,4.07725771603795,-11.4733041722154,0,0.427885632793511,4.33176804632388,-6.43677011030865,-0.232993269944542
-2.0201485152709,1.10259057287039,4.80194731566363,-1.53939872186064,4.30137576782041,-12.333398986587,0,0.428204155128203,3.91243232920252,-4.46366857617784,-0.230480856001206
-2.03600529180049,1.23981878600129,4.97149958051607,-1.49284718451932,4.48289112314035,-11.9513658170272,0,0.390484523222212,4.10905414753385,-5.63175419272189,-0.229158905173963
-1.95018249554482,0.736280529069274,4.42506089125398,-1.77597696888744,4.74863486257186,-12.5917430002138,-1.09045328872653,0.613319968218746,4.20544570853627,-4.50091983636158,-0.228598763861976
-2.07776118104619,1.27334921073261,4.86246782752534,-1.50722409357411,4.05336405443867,-11.2535099253653,0,0.418966875892504,4.37237728046455,-6.71092337685335,-0.231554492936085
-1.98273873897545,0.862701576639077,4.7323368634811,-1.72815273773266,4.69461632047082,-12.6155278840859,-0.865352393143784,0.586158454464126,4.26905549516403,-5.09895972936331,-0.232209720803844
-2.06348851817511,1.29457180164387,4.92274212763407,-1.49689482379115,4.25912006135788,-11.5229464661016,0,0.403365571711049,4.29517210444928,-6.44652628519763,-0.229959695688242
-2.01490201227656,1.3274931441159,5.315617784256,-1.39576745951152,5.0117492189828,-11.3873717709608,0,0.284924807935658,4.0961887532485,-6.24253523066151,-0.219206582126015
-2.05075169023821,1.29489074635603,4.99172672462712,-1.4812926009147,4.43485499059557,-11.6581229979933,0,0.384588983508104,4.22560402196271,-6.23886846133645,-0.22827620864162
-1.91088083329627,1.24210068961812,5.67955413379467,-1.32204527968119,5.41034454256714,-10.8815245857522,0,0.149240811431702,3.66220792225287,-4.89748675072622,-0.200945919217964
-1.98345318553277,0.565458628306705,3.52908655649132,-1.9818358766987,4.09349590827509,-13.3337883388377,-1.38422981997313,0.823075023994046,4.38668359539502,-4.13433445737116,-0.242816855153933
-2.07224750246108,1.07445304931413,4.41983324258458,-1.65753897563746,3.5140791699501,-12.2099573815828,0,0.544288737898479,4.15852287875798,-4.65659329928376,-0.243766662393565
-2.08198383761374,1.23629680681396,4.77271245675556,-1.53716598281792,3.93548498555107,-11.3995614626424,0,0.446377370722742,4.35793998375807,-6.41827566006556,-0.235353526754468
-2.05972475690473,1.32784355838265,5.02906803474349,-1.46420208406793,4.41662210435682,-11.3409199822892,0,0.371226058961048,4.30152959882986,-6.71481016914036,-0.225810773893425
-2.03611443613866,1.36240454190721,5.27640799432354,-1.40142662768118,4.86263141581857,-11.1043829471318,0,0.295794568384929,4.22461310947163,-6.80867795470645,-0.218388645398945
-2.08874495956503,1.17314200207863,4.72342818235496,-1.54913015278415,3.76166588864046,-11.2358166622284,0,0.462625051635508,4.39020944097398,-6.44044144983422,-0.238632957551972
-2.09120559363285,1.24195935525625,4.85221444719391,-1.50192894134731,3.9243376857856,-10.9604505765422,0,0.423232244784645,4.42439770803282,-6.94321973572338,-0.231052515227073
-1.9017343467645,0.894466533667512,4.90170994421799,-1.6179331258467,5.26296623380676,-11.6359766382459,-0.913852585404662,0.42544112471612,4.03956687969595,-4.70063012448647,-0.21179642104929
-2.09102265176104,1.14723208315706,4.87619115612693,-1.48928052642105,3.7407521675835,-10.6019761181523,0,0.42236945899694,4.47131781050052,-7.16768930621144,-0.232174409044115
-1.93390901439525,0.926044330089837,5.08150738106084,-1.61320658235325,5.1612750268431,-11.9686727759278,-0.79517200752444,0.449152668779245,4.11885485424814,-5.09743139315935,-0.220710952158645
-2.0423319384251,1.33623731372094,5.15285286147107,-1.43457527100118,4.68401735514619,-11.3955979628256,0,0.335462919791052,4.22159030137196,-6.55371280035015,-0.222864659999477
-2.04485323766733,0.831405431522653,4.24090823680649,-1.88381875131046,3.97136198031209,-13.0625759900668,-0.938714874514634,0.750370379755003,4.48622086556902,-5.18145399825384,-0.24565218484904
-2.06766975637332,1.12398474062926,4.54319120210578,-1.62231400282317,3.73351715984042,-12.173263795507,0,0.512781282393851,4.16984126530404,-4.97546083502944,-0.240916179543901
-2.04858531888245,1.13276390413966,4.66727524620315,-1.58512903101871,3.99355264073711,-12.2850466708376,0,0.476758545681904,4.08105715178979,-4.86149179073254,-0.23643908718838
-1.93327936891733,0.632712041192121,3.81983880915305,-1.84849251779582,4.62231161492844,-12.6879463472713,-1.27760703813729,0.670720654224807,4.21834732891857,-4.14593854762967,-0.229836214355012
-2.07354780499594,1.17621686933351,4.64382050025169,-1.58786938532069,3.81357489645239,-11.8210342296008,0,0.484815989480703,4.27636245442567,-5.69695793398365,-0.240335888518831
-2.04923990503277,1.19812860688497,4.79232965091704,-1.54684794124048,4.1706300569849,-12.0843639788918,0,0.443081411415566,4.14352569402054,-5.40805315776838,-0.234266979857898
-2.09297937597847,1.17175119255725,4.76373249057753,-1.53118440573229,3.76010928712442,-11.0426776969903,0,0.451912673745022,4.41868152501369,-6.67485336437349,-0.236742025215541
-1.92624438423683,0.837588424760628,4.81905397209445,-1.67116275124568,5.05315697053291,-12.1189306743659,-0.943157283691512,0.500237466603819,4.11868501233453,-4.73122457982211,-0.221232263820463
-1.98994221456283,0.439959341495856,2.71672725914125,-2.11858623166748,3.72569302851418,-13.6491120304987,-1.62033265104467,0.948460392875069,4.48384312948138,-3.83604666756025,-0.25030311645626
-2.07571545747396,1.33382413202695,5.03957946338122,-1.45221342153243,4.30944398670647,-10.9078505629024,0,0.365330553046275,4.38797749180441,-7.19372081300773,-0.222669612425145
-2.07582411234215,1.08738406796423,4.43872949438081,-1.65221342929679,3.53556600059544,-12.1425683830874,0,0.540245632363216,4.18557114496778,-4.8145677176182,-0.243959444992861
-1.98075431805965,1.2454730515026,5.38240095584186,-1.39922356458912,5.01687751276653,-11.5003794706428,0,0.272135688633717,3.94760298448803,-5.65330556482634,-0.215126856033223
-2.00600644109007,1.14656403778111,4.99147288798708,-1.48441433889367,4.62264104279623,-12.1442784641833,0,0.371935732506685,3.8841302255986,-4.71547447344591,-0.226122723872776
-2.06201062141476,0.894079743208949,4.26271646241156,-1.86627645886615,3.85882211650384,-12.8334558712289,-0.827478075786156,0.735417704238352,4.52750858923365,-5.4952578596391,-0.247102024737498
-2.0946684856775,1.16498333510182,4.83792560408582,-1.50199474872991,3.76202343917684,-10.7477349131937,0,0.431967639159733,4.45535539235583,-7.02184462030439,-0.233210648271104
-2.03283016634364,1.37482957439709,5.35963401453231,-1.38229229354937,4.9797064206509,-10.8853936212386,0,0.269602816301932,4.22338802737642,-6.93935568903056,-0.215221731434833
-2.06016961084464,1.35967042271595,5.15726771342995,-1.4260734463183,4.57141595398454,-10.9455717811939,0,0.330575785258654,4.33075048628808,-7.1306737997232,-0.219683797283413
-1.9894386138573,0.79442353513858,4.51054779752409,-1.79442788807465,4.50193884306196,-12.860821890161,-0.974659799365225,0.652198064010226,4.3105772618871,-4.88358755632157,-0.235884691784437
-1.98825818670076,1.33103975364889,5.5490624796502,-1.35459065098107,5.28933469082858,-10.997225612593,0,0.218784353764394,4.0210440074798,-6.23253422385575,-0.21078942376555
-2.09311892972713,1.18505843067853,4.80960573513281,-1.5140706869814,3.7937472299325,-10.911785146486,0,0.438308715956176,4.43516765910992,-6.86996849546164,-0.234342416593653
-2.07596340358742,1.20832576482769,4.71317810204108,-1.56161148274597,3.88424997739251,-11.6206144485267,0,0.464138938963773,4.317689825998,-6.06799811356255,-0.238165713842259
-2.05492193246513,0.878553342016451,4.28455518196274,-1.86505768953321,3.93672034590135,-12.9228830272908,-0.858453455979514,0.733969872064591,4.50493462739,-5.38987453985432,-0.245884322232716
-2.01886738310619,0.736567029813364,4.15689408862604,-1.90246668775498,4.10717105438494,-13.2077626497763,-1.09134852336626,0.762910192564362,4.42317360717082,-4.76103397798546,-0.243179158842827
-1.95190572745008,1.15121708771299,5.36736647925987,-1.40729339308874,4.97259235418066,-11.5828980783786,0,0.265678757710439,3.73984687342277,-4.76149455128995,-0.210427957661006
-1.99194147149206,0.662339553606337,4.01439517211372,-1.90857409981079,4.23451793930286,-13.1850886177599,-1.20992880617462,0.75957115167004,4.36244842045499,-4.43860705936245,-0.240310444011299
-1.7552631621157,1.21984077817826,4.03747435774469,-1.51363743026062,3.72064641675029,-8.37674635623661,0,0.0186218620210966,3.96147449517923,-6.46884032563683,-0.0870445183092214
-1.75394867695767,1.18268394569682,4.37743490888688,-1.5315215309022,3.69839645169978,-8.41128332731942,0,0.0310453276050496,4.09620119032554,-6.47056244430828,-0.0987499099630433
-1.8033244557498,1.22184900769079,0,-1.46553885093408,3.94823395673248,-9.99728348707457,0,0.121360316413219,3.82726703645953,-7.19909797306991,-0.0960445649842314
-1.79553890018346,1.15227847958934,6.27279199639215,-1.48550860965457,3.7696879666017,-8.04732482750762,0,0.0360936459108853,4.11173184506121,-5.9218986548838,-0.121401922918291
-1.7358759771803,1.24378114181345,2.64461324040489,-1.51725850200182,3.78571696005533,-8.60440422447124,0,0.0122020471359253,3.80963096773166,-6.77932912967424,-0.0750831533970013
-1.81147220639354,1.41123979099399,4.22050516092374,-1.33598696613301,4.22315811854959,-8.05466196093673,0,-0.0451231426257877,3.54054276890338,-6.30066059583881,-0.0769693078334011
-1.80141294950026,1.405140079933,2.11620313695239,-1.34280398948985,4.03066444049219,-8.39174297443366,0,-0.0192005897523841,3.52875607620973,-6.85438440218915,-0.0676919479754174
-1.75568955816195,1.31097247161926,2.41775101925556,-1.44049002751783,3.73764504395644,-8.40967510146206,0,-0.00613293070930629,3.46117987721045,-6.65996714188311,-0.056720183896173
-1.76387916092332,1.36506749813058,0,-1.41205137309236,3.26778042727305,-8.80147397471498,0,0.0424171791006633,2.52316986963885,-5.82351718203356,0
-1.81249007216653,1.43395357238538,2.38353304727935,-1.31677072998311,4.27528083655815,-8.39619568093668,0,-0.0318612247854793,3.60943837659567,-6.76968344735182,-0.0792284546949312
-1.72026794483123,1.22852569345366,0,-1.54451554356859,3.60794348583918,-9.6535298797454,0,0.0652868839192261,2.66768821161056,-7.070096657469,0
-1.76133540156464,1.33562099443852,0,-1.43297909612124,3.22000623884424,-8.77952336052659,0,0.0477299606844084,2.47682041239913,-5.91734264236693,0
-1.70619062491659,1.24040408402373,0,-1.54540976163541,3.18706613269835,-8.90728801650886,0,0.0524267216016618,2.27615509573681,-5.58195106067509,0
-1.7254047585285,1.26980570457467,1.6850021465615,-1.50436069744537,3.7901672866224,-8.74758041066332,0,0.00677211084002045,3.54954176283262,-6.97411052923115,-0.0593525752026001
-1.74018570640183,1.2132851760385,3.49707407350844,-1.53314641583876,3.76183843085196,-8.50687539774898,0,0.0193873404361041,3.98479304252394,-6.61292318033158,-0.0884635866295402
-1.82483291657796,1.43740190186092,5.78985685969988,-1.30170742588787,4.91991023869639,-7.96859781765763,0,-0.084241275833445,3.68326906529422,-5.88503268677211,-0.108530318834217
-1.74975494130236,1.29384992147364,0,-1.46677869512039,3.48458122565227,-9.44088326748325,0,0.0610977912321749,2.70863372556895,-7.16007610852587,0
-1.71450040649101,1.20413590723975,0,-1.57210935031517,3.63565249011026,-9.86544227701089,0,0.0775210096564187,2.71170196136869,-7.06207806772562,0
-1.76867057597417,1.32537072688663,0,-1.43552939066489,3.31571730225479,-9.29633040077276,0,0.0715259146739528,2.62645112819355,-6.32213780478353,0
-1.78491170138372,1.1814262756752,5.49495945808195,-1.50247713250674,3.63362173044302,-8.21113536676175,0,0.0368851289607442,4.06727256132595,-6.22211923355873,-0.0994088779803109
-1.73604507247042,1.21887602101739,0,-1.53665575973132,3.75492658924693,-10.0652441087515,0,0.0813183419088711,2.74061813088186,-7.55484051803563,0
-1.80976775765453,1.39468812385568,1.21030066465787,-1.33726537975642,4.3765240902002,-9.04454123760157,0,0.0069991572138632,3.76817470012159,-7.04907622724756,-0.0943923008701943
-1.83515857151438,1.48804933817701,5.44660860679069,-1.24615211668765,5.34857432656933,-8.17596506370253,0,-0.102741516396913,3.6812919559827,-5.88485138557271,-0.12189861194776
-1.71573011664331,1.24244056516439,1.44564329314176,-1.5383851581897,3.85110039815747,-8.98088833534906,0,0.0188587005531221,3.63845781818153,-7.15596515827797,-0.0638467609378532
-1.76067354549713,1.27217076139075,3.58490940724261,-1.47065219144727,3.73303457827172,-8.31410731726616,0,0.0021023588434295,3.73142599102625,-6.4863065243966,-0.0720509497157528
-1.81261378847629,1.15734032652229,6.40097529901307,-1.46013130352003,3.95595448199561,-8.02140005183506,0,0.0323888841990905,4.1035757049812,-5.89903313342226,-0.129911978203556
-1.78366777405615,1.14106764747393,5.77364180458843,-1.51264980318035,3.57533574269572,-8.22008095485587,0,0.0506043771684781,4.16319928282728,-6.20913573083242,-0.111169974724291
-1.81563963724648,1.45816795746331,2.57103102874022,-1.2941850189737,4.55140527953893,-8.45347106951218,0,-0.0463283226901152,3.66124490042458,-6.63258735834393,-0.0916158844699184
-1.85984840807956,1.23361124014257,6.56222906057015,-1.37538298954189,4.65707319255961,-8.07561392211066,0,0.00770133839351717,4.03882889477411,-6.01586679467666,-0.148377588809821
-1.75571902409747,1.19783169423869,0,-1.53560384368662,3.8415518969847,-10.4738545594804,0,0.10557069839385,2.81809784514935,-7.78827015933414,0
-1.82206477064109,1.47146495663707,2.74355619817937,-1.27209291714741,4.88270874650393,-8.57545504516805,0,-0.0566111066769248,3.69377131928862,-6.43067094045859,-0.106386528020058
-1.74845940383823,1.21725820718324,0,-1.52439565513027,3.81034715884792,-10.3088157256419,0,0.0925832387568673,2.8026999564323,-7.89775912354483,0
-1.7932119453957,1.38534562106278,1.01704200365682,-1.35748151094134,4.14122237410984,-8.95986043947067,0,0.00689956052804583,3.6905403619569,-7.28754715964788,-0.0787301339601432
-1.76082598245405,1.31114598216586,0,-1.44933084918838,3.4013849991361,-9.33670066659826,0,0.0649670985221595,2.68345002442232,-6.79434209073837,0
-1.75269786292448,1.31287366726706,0,-1.45420379555169,3.30405166365766,-8.92720012332366,0,0.048256817830457,2.57725701718458,-6.37539741818018,0
-1.71521894468611,1.16550217150144,3.81519808390781,-1.56527167882082,3.79777957126594,-8.5856543480951,0,0.0246069500942016,4.17446372256451,-6.71003608397794,-0.109566734060112
-1.7439825440394,1.2881225108685,2.02156240743008,-1.46994124813996,3.74620914446752,-8.57885399512613,0,0.0028606573189156,3.51217407526443,-6.8208709586228,-0.0577476730236248
-1.79602495636339,1.37282357764219,2.08875189166301,-1.36678884641516,3.86503169747768,-8.39864227498972,0,-0.00741254028676793,3.4463830119496,-6.83307848723369,-0.059143085691255
-1.7472718056994,1.25698911529147,3.03889268084087,-1.49526215720837,3.74704863819803,-8.46142857322392,0,0.00775935279477073,3.77157029135545,-6.63777074190297,-0.0732120865015305
-1.74553413961576,1.33793887539487,0.960910684062108,-1.43427417753848,3.4191580983422,-8.61135774711293,0,0.0113583901775565,2.57421450819091,-6.12159163254684,0
-1.74739124618995,1.27276297390321,0,-1.48437292798064,3.55140439857503,-9.57568891544551,0,0.0652642020897964,2.73526055898684,-7.3642137096869,0
-1.75768404488687,1.3694907746667,1.26186788803267,-1.40197358502762,3.41809169971594,-8.44130647210636,0,0.00175939249953588,2.5423022882901,-5.89655770022933,0
-1.71338237615397,1.21057176404818,2.01513215059317,-1.56786394844377,3.89721504961026,-8.97094991688431,0,0.0256611299855407,3.89505576440054,-7.08282513045077,-0.0808284997972297
-1.84276553368037,1.23347166564732,6.56694213296828,-1.39569655067994,4.48215669709585,-7.99186132718777,0,0.00141442857895295,4.0072653032907,-5.89961042988492,-0.136697227840784
-1.77595806576235,1.26853989751531,0,-1.46982305540182,3.31863087189195,-9.83999226746636,0,0.1116567733658,2.67746012851962,-6.60541680141525,0
-1.73345198006664,1.27188102621214,0,-1.4983430939059,3.49471893202886,-9.31247410161923,0,0.0521405841488468,2.68073837712714,-7.02342217421418,0
-1.70114975850906,1.18867183455521,0,-1.60501817901228,3.34279429812867,-9.49913724795083,0,0.0822391437562767,2.72010151155831,-6.37255244441413,0
-1.81538198939028,1.35614523676051,5.75709087945453,-1.37533217136125,4.26664821204587,-7.92706510065736,0,-0.0389810559016803,3.68526140611226,-5.96224392075113,-0.0897411086352401
-1.8247372358545,1.50385350808327,4.2399328586453,-1.24138963875534,5.25189480178931,-8.32553584517023,0,-0.0975607228976271,3.64607433048359,-6.02152628420524,-0.115851867282463
-1.79509935595012,1.30051295649649,4.91643872153787,-1.42463732846561,3.82033653741504,-8.08471251166606,0,-0.00595504616548494,3.69490791875068,-6.22519757203933,-0.0757258017467444
-1.82058285537213,1.23114745599464,6.49909503401337,-1.42290381666799,4.27321370267235,-7.94030817758165,0,-0.00209318460784393,3.97581121162441,-5.79611786304427,-0.124762519912495
-1.81747018693475,1.38990106778243,5.94752454213725,-1.34534685564006,4.59383632384034,-7.89678245616055,0,-0.0635738288513424,3.69008779009631,-5.85122138601572,-0.100540563023639
-1.81809865671585,1.47775804476985,4.40494692737338,-1.27742814405825,4.85432202114397,-8.12878709890427,0,-0.0849011569142807,3.6197371163422,-6.1591532831661,-0.0994932305407061
-1.81294454396601,1.28529094378941,6.28440786377446,-1.41683071055641,4.18602329787744,-7.91289994242737,0,-0.0179007833337745,3.84207215236588,-5.80662990730284,-0.103726274050022
-1.74298398277652,1.24711873479378,0,-1.50580765338572,3.68469395658125,-9.9031731968517,0,0.0741676064230437,2.76489042740064,-7.68830900844908,0
-1.8726230283973,1.14765848284287,6.45210171176312,-1.40082747557032,4.34743413461261,-8.15311365253167,0,0.054604121075233,4.16334822660998,-6.20685230338646,-0.156241585779329
-1.81670753341352,1.44380679710995,4.50096715812031,-1.30916458070454,4.53023128068369,-8.05035493234562,0,-0.0657244880901654,3.58343926170129,-6.20518359670444,-0.0876879603341242
-1.83918450065713,1.30770438355905,6.58683802337803,-1.36172697028373,4.73709102590469,-7.9604148880661,0,-0.0336881826049459,3.90044814370444,-5.82322995655624,-0.130686730117331
-1.7960127097399,1.18627123094414,5.9372042965474,-1.48884715019609,3.67129245010923,-8.1165414978958,0,0.0344790763838271,4.04426450372435,-6.08374875308221,-0.10215062291101
-1.75082224596716,1.16668883878007,0,-1.56137967700272,3.89672080518882,-10.7635117345177,0,0.120566799479513,2.75972825847583,-7.44895088570691,0
-1.77407073604245,1.22315363820444,4.65453135427075,-1.49340439915905,3.69528809002969,-8.27157563776755,0,0.0207335475597969,3.94785462641123,-6.35075333279705,-0.0869046657118466
-1.80516223637215,1.26185333547625,6.0812103171528,-1.44214444973767,3.93936450346429,-7.97326718896262,0,-0.00104345351069377,3.86139588691087,-5.91978102936431,-0.0955795815161902
-1.80297379501182,1.23951996909691,5.7733471906018,-1.45918800450081,3.76667269640613,-8.07536680645251,0,0.0162422966104913,3.90321339187548,-6.09575989855197,-0.0906911125761976
-1.78603562619577,1.35195600607938,3.47157028517283,-1.38843744733045,3.84092635336732,-8.16279860430127,0,-0.0197110821723254,3.46354008806103,-6.42325726363859,-0.0625827799927381
-1.71280628866404,1.18650175135564,3.35810189158376,-1.56942552986121,3.83335968588712,-8.6362361805765,0,0.0196606670734832,4.09714588310281,-6.74615750868263,-0.100557832966931
-1.76141853190455,1.26937729129715,0,-1.47528207673078,3.46979411482951,-9.84594897480441,0,0.0923413481461801,2.72769370523555,-7.17736692344193,0
-1.70834835393723,1.21141797114,1.24755427810477,-1.57276670215512,3.92477886693696,-9.25619041670772,0,0.0343073828786678,3.73766879168481,-7.34457382494085,-0.0696119997523448
-1.79998142326302,1.20035406937941,6.20278780214273,-1.47331765070497,3.81097438174723,-8.01981755321209,0,0.0217706509940058,4.00854404021583,-5.91813983125798,-0.107291535226721
-1.736887837158,1.18326248902389,3.847994991185,-1.54743805954436,3.75846975472581,-8.52448737642009,0,0.0272864152229039,4.10511187907089,-6.6109281374721,-0.0997669493627664
-1.83506488527122,1.37976839241143,6.42048622364955,-1.32708073868169,4.90298289463245,-7.95274660776589,0,-0.0639422336299771,3.79192028643195,-5.80922162140608,-0.121139775466384
-1.7405153902688,1.19440691230803,0,-1.55232707704884,3.78093493358432,-10.265631406772,0,0.0963291985110694,2.73893056606865,-7.41606807343698,0
-1.74945925329901,1.18767792736009,0,-1.54767191532753,3.89136998165897,-10.5928498735467,0,0.107708053046087,2.78218991062462,-7.70759902077666,0
-1.73662733367811,1.15828987976921,4.29852272310089,-1.54883952850286,3.71947817977312,-8.48806270576174,0,0.0333665568560703,4.18248602320671,-6.57396436789216,-0.109211574788815
-1.73646858485428,1.23835854220701,0,-1.52044676391388,3.70016868851171,-9.88794128553004,0,0.0723226223079428,2.75046012208556,-7.58659794497854,0
-1.70948313485347,1.16908580032381,0,-1.61099058323142,3.61417005313049,-10.1273027500691,0,0.0993400755058536,2.78890430497794,-6.94444402352119,0
-1.72832447238349,1.24884159157277,0,-1.52070652852802,3.54309979243286,-9.4564687613194,0,0.0588413925117555,2.65808798411314,-7.01527721177974,0
-1.78210166786289,1.28100396848087,4.24553907789286,-1.44589593118013,3.74397607704991,-8.20993681765036,0,0.00260905938243417,3.72324213160077,-6.37603463922985,-0.0732582784426753
-1.71917894765199,1.20423275368976,2.88815844060459,-1.56099624673674,3.84422113562978,-8.708091575589,0,0.0201337535036956,4.00685081036173,-6.82257072345362,-0.0906360485340354
-1.80836771995388,1.32640574164347,5.47515436627744,-1.4005603464828,4.00575429672564,-7.9896973706476,0,-0.0196034007230404,3.68790997099887,-6.08393536384624,-0.081567668329528
-1.7696576939931,1.14627294764991,5.32397624604524,-1.52368971887456,3.60459113413007,-8.30460312990241,0,0.0456724228922244,4.1740902369217,-6.32781899928356,-0.109339360575484
-1.69850648493509,1.21874690859668,0,-1.5765397150004,3.30721704509885,-9.21517646204772,0,0.0618709092102772,2.53166174359146,-6.11829640672109,0
-1.84434966547732,1.43979349256105,6.22307446569296,-1.27460015728787,5.25543125976626,-8.09410052844565,0,-0.0850829819362888,3.75649783822441,-5.84982181973245,-0.127453636043446
-1.72604622635386,1.22888867470878,2.32724078249245,-1.53956692146539,3.83266827230003,-8.76506550399498,0,0.0182368390405309,3.84995364873426,-6.91877567753476,-0.0774970824439467
-1.73686311303626,1.17046561789573,0,-1.57542630177348,3.7826996623515,-10.4606491862222,0,0.109938218354832,2.76464203488225,-7.25404007499234,0
-1.77564403832437,1.32802377705922,2.95283118209022,-1.4116074902167,3.76140293567415,-8.28461411288081,0,-0.00927011364008287,3.46884108793572,-6.54548854992897,-0.0591663207236334
-1.80390636904399,1.37856314618183,3.81568752945692,-1.36081601553351,3.98590556091788,-8.11178315966501,0,-0.0268413303864773,3.50012899334252,-6.38944565928668,-0.0684896448666701
-1.74799427933468,1.1562412294765,4.79352632309376,-1.53962142574244,3.66329261629513,-8.37644351802056,0,0.0354915627268882,4.16992244133009,-6.42577672343212,-0.1084345487322
-1.76734536773232,1.18379295200091,4.94067560203041,-1.51789480795317,3.65916576835323,-8.29920553472492,0,0.0321713524470065,4.07800528710955,-6.33238302889257,-0.0982762797389377
-1.83080938170617,1.16548298874411,6.47444055772661,-1.43262970631451,4.18091628497295,-8.0284562454518,0,0.0291200467051678,4.0995071196721,-5.93938573425298,-0.139773908184843
-1.8026142088654,1.21779884350384,6.36460664873765,-1.45366871482962,4.02751299579766,-7.94610180036804,0,0.00495495092041939,3.97530470802518,-5.78124146227678,-0.114850122250861
-1.79084238917515,1.22746395576096,5.26081456107606,-1.47609918984214,3.69634388148719,-8.17453092168907,0,0.0218279270392312,3.92960088653255,-6.23454563996959,-0.0879442436569072
-1.81842435503711,1.31246745895594,6.42689924125058,-1.38738354581585,4.48095524471017,-7.88861099890194,0,-0.0373533098073943,3.83020700455672,-5.74612096219766,-0.113403483127368
-1.78947094728906,1.14503142302196,6.08834604367282,-1.50189672516874,3.62981534541188,-8.12513146039128,0,0.0454873932397978,4.13726661513825,-6.05484610015791,-0.114871321996979
-1.72021245108585,1.2615279886,0,-1.51126722127353,3.10750118777619,-8.69885118167551,0,0.0480723014471383,2.0997480198985,-5.2452603632704,0
-1.75227377148763,1.2444002855313,0,-1.49860348623789,3.67086198782732,-10.0483713814232,0,0.0863165583984162,2.79030387186709,-7.76561619695387,0
-1.7940128746753,1.23766967139852,0,-1.46643011949065,3.86595116580402,-9.87668758548904,0,0.107148434820499,3.77821466603454,-7.547951589392,-0.0807133781962713
-1.69542018734514,1.15496834252619,0,-1.6451864729292,3.34767427220628,-9.77890253609799,0,0.102809249637981,2.83563897545975,-6.42135591077706,0
-1.75622960150961,1.25666434449817,0,-1.48682946148544,3.57946672035192,-9.94634685675358,0,0.0881226022761674,2.76741466412072,-7.54940246010938,0
-1.73871472536892,1.29584234246641,0,-1.47608320875365,3.40076462477053,-9.08030473643304,0,0.0452919690975673,2.65334862937567,-6.7654969228373,0
-2.01133383116598,0,-1.11510877772671,-2.60990666165394,1.16350248672156,-14.3436021366583,-2.06218855690871,1.36843539967655,4.49457759852736,0,-0.271105393109898
-2.03239722736823,0,-2.04969001676815,-2.64737623496517,0,-14.3057654721572,-1.71829294276954,1.39072692493592,4.42068625864663,0,-0.238935764134486
-1.92048238535405,0,0,-2.39758946837561,2.96577498482723,-14.0127168441995,-1.99696552353865,1.1351280007621,4.45297733045466,-2.18014078316431,-0.251172365633777
-2.00903990360075,0,-1.32114009664375,-2.62215532437322,1.15422006294229,-14.4311878229342,-2.06188728007919,1.37180226031132,4.5086894589188,0,-0.270553153477527
-2.02436602586464,0,-1.65692723951505,-2.66370113555861,1.19794126512765,-14.5165636744849,-2.08365300211843,1.39372795908757,4.56764672256488,0,-0.264525388517346
-2.01066581278526,0,-0.657028849268483,-2.57222592913593,1.31004808628742,-14.1918410966699,-2.04748336477538,1.3431058167632,4.43827617335151,0,-0.269670739196445
-2.05015305456008,0,-2.21083034260057,-2.59079645876113,1.60854412965822,-14.7148118305208,-1.77255516112929,1.29425467579347,4.49142119897391,0,-0.231086725902967
-1.95177385554415,0,0,-2.45339723666012,2.70360495696666,-14.264049432134,-2.05102526729642,1.2056938228946,4.52183732395649,-2.11650492962359,-0.2577531093535
-2.00330923233601,0,0,-2.49338075513274,1.41303485127838,-13.9251507108205,-1.95677048238989,1.28592133500367,4.31287889097106,0,-0.266377981733898
-2.0298388275484,0,-1.60636934952724,-2.6521263322193,1.30993313033113,-14.342476812317,-2.03607078315329,1.37219786007225,4.55130855128002,0,-0.259128689733612
-1.9141015605301,0.521560526457748,2.86781175399604,-1.93736675124008,4.4869041415986,-12.7597074263362,-1.47724210635882,0.734819340450819,4.24694301709421,-3.80716129340483,-0.230796265646599
-1.94347783739114,0,1.61641195176528,-2.30616205586274,2.79051387364251,-13.9550724337546,-1.78033522318431,1.10028910083353,4.35582378081474,-2.42771782256887,-0.254893509135549
-1.95489047831062,0,1.03215859191947,-2.3903466157755,2.89200099197758,-14.1994800521721,-2.03078842458077,1.17366183790636,4.57007143149452,-2.90476048232318,-0.259026546904257
-1.93852207241412,0.458142548547855,2.71871930393649,-2.01434057895812,4.21731585472443,-13.1449045705381,-1.56446987667348,0.823228333582389,4.32912657762216,-3.72499988342519,-0.238405115628486
-2.01367270450096,0,-1.58025908906454,-2.64159187057792,0,-14.1734784713743,-1.848758191809,1.40747445228493,4.44996212022319,0,-0.255343280492705
-2.00635621856898,0,-1.5380092539022,-2.6285433135844,0,-14.191714262863,-1.83965547816251,1.39856662242684,4.42069628527447,0,-0.256644964597441
-2.00947312778693,0,-1.76789927992615,-2.63106794223466,0,-14.2999418196674,-1.79603962249956,1.39285105315527,4.39680026408226,0,-0.251817915502145
-2.01255854203109,0,-0.860702709102862,-2.58829960884436,1.48184976817512,-14.2470723508451,-2.06725031395177,1.34220373883177,4.45434384221722,0,-0.265499612609131
-2.00443186986145,0,0,-2.53583131616162,2.61348207965427,-14.5412724523177,-2.24074231186369,1.30917547889245,4.76534378463964,-2.94734066503169,-0.26490492412134
-2.02028307526905,0,-1.39387309082885,-2.6435728003261,1.2225011078796,-14.4460032392171,-2.09765043820009,1.3875925201896,4.53872875238737,0,-0.267355027991937
-2.0300812629849,0,-2.00422618822972,-2.65265364222789,0,-14.2194914646042,-1.70882304235749,1.38618800012849,4.44362969063176,0,-0.238742812473045
-2.04392306086508,0,-2.12817680320193,-2.62852537856332,1.41086528579293,-14.5547388281406,-1.81700302523507,1.31938137033358,4.51736191923801,0,-0.238164833897016
-1.96784203212992,0,0,-2.488851371976,2.50875173671675,-14.39302569939,-2.08280054704991,1.24885385244942,4.57159038914784,-2.12489591894061,-0.261905033226239
-2.0118350653481,0,-1.66061032353584,-2.64572145756342,0,-14.2408460077158,-1.8485116207098,1.40809440397013,4.45141871347017,0,-0.255327917132077
-2.02706599083359,0,0,-2.56913140577259,2.36993290398834,-14.5682045486179,-2.25652196617126,1.35323840641772,4.82049870506545,-3.06943106808339,-0.270159182514703
-2.01117381401906,0,-0.730864679899157,-2.57884593216239,1.40870241054079,-14.2245940421302,-2.06191381457579,1.34229693326359,4.4429558563212,0,-0.267613324560274
-2.03533620889501,0,-2.16399644154671,-2.5218431693553,1.72750075163037,-14.7006744849069,-1.55246428877818,1.21400842311939,4.39919832332365,0,-0.209131837496171
-2.02838761060738,0,-1.56207383700577,-2.65603853573273,1.27794657539347,-14.410667451597,-2.07321081829769,1.38473861678467,4.55870823943791,0,-0.262453400098459
-1.98915810574902,0,0,-2.48553703274948,1.748950444565,-14.0084302960019,-1.95680818403421,1.25884560908293,4.28788077423743,0,-0.26308730816416
-1.9657310138222,0,1.51609414936959,-2.36164325846242,2.62294732624213,-14.1198172678372,-1.85497347580794,1.1596163738922,4.4726052127776,-2.64228102936062,-0.260001352258692
-2.04921674813281,0,-2.22557507251497,-2.56744586428886,1.69411140192931,-14.7689597514895,-1.73621650680693,1.27585277513504,4.47221869494474,0,-0.226648071047946
-2.00748302834277,0,0,-2.49951467655954,1.24955045385407,-13.8877982412218,-1.93954216860796,1.29674381527137,4.34600930996649,0,-0.271410991629813
-1.98548907132609,0,0,-2.5227768564324,2.32954258821173,-14.4736022191433,-2.10695113554037,1.28876668469648,4.62666993979003,-2.21101832405893,-0.265297246819758
-1.99189135803023,0,0,-2.51044060190524,2.76900833572485,-14.4578004405822,-2.21950988650256,1.27657402521268,4.73048169530572,-2.90370430716902,-0.261337991898307
-2.01305976680923,0,-0.878889654581337,-2.59305483219201,1.20256101300716,-14.2541183989038,-2.05525047712612,1.35974165378854,4.47027248516652,0,-0.270911054677646
-2.04572376160642,0,-2.1615509394783,-2.59326646115548,1.5451984901377,-14.5972931753231,-1.73045608768993,1.28477736315987,4.48224131178257,0,-0.228787288197488
-1.9973197032665,0,0,-2.46900030559041,1.46862641101839,-13.8199936439898,-1.89168421865136,1.25756761595335,4.23651782469976,0,-0.258666763049161
-1.9830502646961,0,0.948255381056156,-2.44731237603249,2.66349618615526,-14.3565275734276,-2.07776959179906,1.23651188579979,4.65947356755352,-3.03083950863994,-0.264023249391565
-1.93027776203918,0,1.07383452607259,-2.33738192214941,3.0641899899802,-13.9678244531286,-1.95634091505408,1.11079163772883,4.4630563982527,-2.73056082074624,-0.253033894076894
-2.02482088304071,0,-1.49747638898363,-2.65327112560781,1.2469324338305,-14.4489159086813,-2.09324088627007,1.38975465287904,4.55420797014518,0,-0.265141718118956
-1.9865915438241,0,0,-2.48648721314761,2.89555292855376,-14.3065075575871,-2.18574174352436,1.24514363915273,4.68974058130971,-2.82726121994135,-0.257022841981573
-2.04268768811875,0,-2.22837429725685,-2.55048272604108,1.74061846277615,-14.8511943052183,-1.75343049665876,1.27178374958358,4.43031714645408,0,-0.229035667487283
-2.01381679474298,0,-1.04321943385662,-2.58820738030531,1.62069640695441,-14.1532284467558,-2.01919060634882,1.32045514118,4.44687287862593,0,-0.259160290930461
-2.03658239542085,0,0,-2.57739348684138,2.27160055691185,-14.5316811091664,-2.25202647427028,1.36609298769845,4.84053641612459,-3.13523635079203,-0.272374316231322
-2.03009054990347,0,-1.71705037986655,-2.66623304631112,1.22851311991385,-14.4477469376089,-2.05322753017981,1.38679888437977,4.57328379082588,0,-0.260753213626234
-1.98787847466045,0,1.35090993314125,-2.41976624292909,2.45016266673572,-14.242316527338,-1.92631116365156,1.21817802688903,4.583930362626,-2.8511433350909,-0.264729617203985
-2.0020113245608,0,0,-2.55164437969919,2.18570577454582,-14.5144890196441,-2.12710115551054,1.32233030997371,4.68460530356948,-2.36318970229285,-0.268196735437583
-2.02288132524256,0,-1.94733739947116,-2.64720387576289,0,-14.3442488371643,-1.77789463566263,1.40018438298294,4.4211070353886,0,-0.246546377655156
-2.01694429784034,0,-1.83972529012657,-2.65183513334397,0,-14.3231288059228,-1.82070941725091,1.40713667758567,4.44444949052671,0,-0.251559631234867
-2.03712551848866,0,0,-2.59788529405987,2.06172243229444,-14.5322779163332,-2.18806350703286,1.37806158484885,4.83229790393765,-2.97159490919321,-0.273422483875897
-2.02560708064979,0,-1.40909479896764,-2.6287094079325,1.44133364684949,-14.2356411870093,-2.02249654664264,1.35084590277087,4.5106586032697,0,-0.25821997913017
-2.04815908011687,0,-2.17945881814316,-2.62875423871673,1.45559811735884,-14.6664956940894,-1.85397372141284,1.32946788603749,4.52307502049943,0,-0.240249743775234
-2.01177037739595,0,-1.08547800473429,-2.57723227554512,1.67195231190236,-14.0396669458452,-1.96498584144086,1.29817864387134,4.41985797671542,0,-0.254676320522604
-1.99297760579251,0,0,-2.44736125945213,1.4401744070388,-13.6859785755038,-1.81567471547438,1.2334530888259,4.17331041279037,0,-0.252838388852068
-2.03627534258808,0,-2.03219646632367,-2.64039903258792,1.31026676333083,-14.4373677280814,-1.84263563115328,1.32826731103017,4.52358695822521,0,-0.242564720967046
-2.00102484189064,0,0,-2.48784151016365,1.50872873152786,-13.9226774929527,-1.95369883058834,1.27614563757461,4.29590876828486,0,-0.263969399828548
-2.02217988143015,0,-1.26922562850108,-2.63229463451777,1.35286414014665,-14.3623457575006,-2.08942591985527,1.37419466646283,4.52178463586803,0,-0.265023932053183
-2.0094966307088,0,1.16859054179391,-2.47139447768616,2.28219426373538,-14.3031501806796,-1.97942317544384,1.26900249649214,4.67358015168959,-3.01657078912673,-0.268356514773171
-1.98477724163715,0,0,-2.47021870983638,1.92266941775325,-13.9421542539095,-1.94313390790411,1.23461637481882,4.26253343056977,0,-0.259400647889796
-2.01367348130289,0,-1.44714949114106,-2.63902173998512,1.17019099421766,-14.4854184560143,-2.08092021038224,1.38270484866307,4.53006919529627,0,-0.268855023220283
-1.96620029214511,0,0,-2.42579722732182,2.20588862854743,-13.6611402112331,-1.83776350804829,1.1629897390916,4.16762537938138,0,-0.248748914895259
-1.98627162473854,0,0,-2.44148258400658,1.78539923282298,-13.6721131976808,-1.83356635473555,1.20619448081586,4.18219350050439,0,-0.251028068258393
-2.02400885142394,0,0,-2.58274944886344,2.11258401503837,-14.5460607301781,-2.17153778975995,1.35925519006614,4.7789967025564,-2.73996445589115,-0.271272051206015
-2.01238728842445,0,-1.00020969010567,-2.56205649663092,2.66229362898557,-14.3047375077845,-2.157196301603,1.28743066822168,4.72870458894303,-2.41346218383555,-0.253082705580033
-2.01558261672639,0,-1.01823413985568,-2.60965445179509,1.25691199601007,-14.319857064281,-2.08080278650983,1.3686829699285,4.49038340505334,0,-0.269251468754311
-2.04675924724153,0,-2.20689453025523,-2.5413077952434,1.74589306408053,-14.7450891044845,-1.64620970953078,1.24454524299837,4.45085848105332,0,-0.217413173645216
-2.01323490129791,0,-0.969184281520672,-2.59170873257596,1.55628693536996,-14.227723478378,-2.05423052537469,1.33503645323907,4.4582900831326,0,-0.262802678891406
-2.01571579547109,0,-1.26927233715577,-2.62940998357384,1.19585866233173,-14.4117633062871,-2.08763520856253,1.38050091280708,4.51914519959417,0,-0.269272551430779
-2.01877450660028,0,-1.55628410081798,-2.65277107843099,1.18281987420569,-14.5155994056507,-2.08905172415306,1.39039383640338,4.54934876567672,0,-0.266987186260622
-1.9673027480674,0,0,-2.45523069846752,3.09183784445,-14.1489324323437,-2.14720460818513,1.19974157153504,4.66952597014093,-2.96798367727739,-0.252044237521715
-2.009680968284,0,-1.51829689698536,-2.6362343740776,1.16202629296917,-14.5220141003738,-2.06338573809177,1.37667229733102,4.52238315654112,0,-0.268834780757613
-2.0186062460546,0,-1.1552864256586,-2.62335026861458,1.30766368580508,-14.3601664853425,-2.09332963299969,1.3739504557804,4.50860642031418,0,-0.267317859343345
-1.99633472457523,0,0,-2.49932991222513,1.55212170454413,-14.0138549770061,-1.95513979998217,1.28045629618991,4.31206658434918,0,-0.266174844808755
-2.04498211448842,0,0,-2.59480544388471,2.16561075906473,-14.520983925234,-2.23751657325536,1.38242120006738,4.88087396722743,-3.28315829682385,-0.274687359130411
-1.95791269063515,0.391965512593148,2.41886902227871,-2.10341006291455,3.90213282991223,-13.4975175836675,-1.6730542074316,0.917332404569271,4.41932255439797,-3.62882601462539,-0.245853867727353
-2.03660529877245,0,0,-2.55325179601956,2.0794747044246,-14.3463612873128,-2.18807023397239,1.35019393798389,4.74984267640787,-2.63795742790174,-0.273302304890913
-2.02914422980786,0,-2.00098641217069,-2.66063801323395,0,-14.3179823855232,-1.77251580739077,1.40407541582298,4.4579171864907,0,-0.244435255107471
-2.0154475600654,0,0,-2.55588315286109,2.48125167204425,-14.5794760652658,-2.25211967914665,1.33448240793113,4.79740234823243,-3.0141878682885,-0.267828608515092
-2.00435064859315,0,0,-2.50800994174117,1.33959519330008,-13.9617741749435,-1.94087248170951,1.29711441875087,4.33516134569239,0,-0.269184171029962
-1.90428133987379,0,1.0259421394851,-2.28460411919056,3.15080650330563,-13.650175597982,-1.83146583172555,1.04166250962333,4.30130842019653,-2.37834976173601,-0.245370397630059
-2.00395843320562,0,0.843342959207461,-2.49197309290355,2.45743098983259,-14.4229039786756,-2.10577943501097,1.28375314840946,4.72895620326057,-3.13950504668982,-0.268012402618787
-2.02530910175714,0,0.695148591551901,-2.53248787619952,2.277891886677,-14.4391090051793,-2.12395781057911,1.32484036986263,4.78836488728493,-3.23583869501288,-0.271012591770232
-2.02461162026859,0,-1.35558118302943,-2.63446186679901,1.39881918256331,-14.3220512188227,-2.06654827335754,1.36670754580889,4.52398068683974,0,-0.262066900759619
-1.91079554002761,0.694321128417969,-1.11870412864468,-1.82061610496155,2.9007799196153,-13.8659264895559,0,0.522323963452446,2.58042045836903,0,-0.0963027067968415
-1.84982328696021,0.889919284847725,-0.840637994272318,-1.68849699374925,4.07618208241569,-13.1706429790132,0,0.342753427434408,4.14514838594275,-7.24962081752565,-0.10599201964693
-1.87891677052625,0.812846600003224,-1.00590504684298,-1.70007577739784,3.82305142702535,-13.6330604430268,0,0.407169750453329,3.48587807607858,-4.15967283402338,-0.110718904490485
-1.91103914876076,0.624125485781479,-1.15564694479494,-1.8328338611289,2.66840503476692,-13.8015392270106,0,0.556683832216437,2.48951986400211,0,-0.103912215546981
-1.85767727800975,0.874037415386058,-0.928860892355219,-1.68655830573413,4.09216223356621,-13.4393912714939,0,0.356714219833403,4.0825677953873,-6.73241977142618,-0.106109468906272
-1.81730971349546,1.02219390334438,-0.365702900518738,-1.59943600916652,3.84069626865353,-12.6941111516241,0,0.266371816072093,2.31550741785894,-5.21513402057717,0
-1.77173216884524,1.17224196524973,0,-1.53383957432965,3.93408514519353,-11.2015433509302,0,0.142634760145044,2.85333461320125,-8.14689825189142,0
-1.78529292950647,1.15113344291769,0,-1.53759314847776,4.02191331670321,-11.5418073145131,0,0.160096840962108,2.77895004135726,-7.83520749317126,0
-1.93595018442767,0.439234857326377,-1.59282569934539,-2.02786685459936,3.50298992068696,-14.5488388720938,-0.794155646182168,0.744502293660738,4.68089627495443,-4.73094827554648,-0.158928780006373
-1.81094046868061,1.08479867288654,0,-1.56525956624941,3.67820195423175,-12.1144363759046,0,0.23278247464814,2.06453466086694,-5.54085149854034,0
-1.90434396239018,0.731625583369705,-1.0557346803718,-1.7830116861696,3.03017683440772,-13.8045833844656,0,0.49404143012322,2.44807980162522,0,-0.0864355974862402
-1.81345485247277,1.08416919763393,0,-1.54924425645787,3.75049477095663,-12.0823232971536,0,0.222397734471794,1.67284365920485,-4.42605446240874,0
-1.86587611383568,0.836803583614024,-0.913144654181619,-1.72039430860342,3.90160732855968,-13.4184051024122,0,0.388314971037485,3.93925503342451,-6.0445532775641,-0.113572890894548
-1.86189756710788,0.833381019293309,-0.947942949040542,-1.68976444090836,3.91899185340681,-13.4685124048992,0,0.381407267286994,3.52492229387875,-4.80103285816789,-0.108469783811195
-1.89883442712661,0.723918745059388,-1.05070361716785,-1.77942377003161,3.07851288828265,-13.7290236543483,0,0.489582208868885,2.49130608145229,0,-0.0969376412541197
-2.02332675543225,0,-2.2121373331763,-2.45683013415533,1.96658996357251,-14.9740026519384,-1.53433318488005,1.17985404342417,4.32452026408566,0,-0.202535661228989
-1.77691185240728,1.16346092349917,0,-1.5374736948977,4.03665397970381,-11.3016531608783,0,0.143205313254233,2.85588287401911,-7.99804157604981,0
-1.89054736946292,0.795049908153028,-1.05668046061481,-1.72400779168437,3.73812116669037,-13.7978647076077,0,0.430676428484364,3.56338034412548,-3.94712690587374,-0.113785804790361
-1.80683641696389,1.08630787188338,0,-1.57299928627956,3.65066936936568,-12.0899918774373,0,0.236877109035988,2.46767444123847,-6.30805463987753,0
-1.78091086250959,1.16037748539857,0,-1.53791182070644,3.57564936414193,-11.0800494031682,0,0.172579011160569,2.72637702879021,-7.33398631055594,0
-1.85101309358958,0.887437609713188,-0.915278543157253,-1.66686208489119,4.13569454528594,-13.3159232434679,0,0.339308626410214,3.99394109130881,-6.76153463970311,-0.100628251591488
-1.75043561306865,1.21253776072578,0,-1.51941196920432,3.82789945686614,-10.5741121006183,0,0.10476628277828,2.8175087046376,-8.14101640948858,0
-1.79923602711047,1.17077124844298,0,-1.50402405150965,4.00539580954739,-10.538832071257,0,0.142790323097523,3.97851426299967,-8.20260076625506,-0.0864397902552198
-1.75433398584911,1.21990432554693,0,-1.51027523943083,3.70128171869997,-10.4755116434623,0,0.110274778142026,2.79350786870142,-7.89945380601878,0
-1.79356378919737,1.09848281317792,0,-1.57237332171984,3.49156495318711,-11.7079757130292,0,0.225313169556748,2.53232303679594,-6.54463405353539,0
-1.84501907035699,0.89393450520201,-0.891741862893789,-1.66300859422674,4.14122213355486,-13.2044019167486,0,0.330079230698522,3.94314245379516,-6.81758155980486,-0.0985887324979963
-1.83339799963585,0.934781719200041,-0.754679251478199,-1.6661790646255,4.12572890005644,-12.8368501401854,0,0.304402326439282,4.21738226310148,-8.0430975315843,-0.0960807371229869
-1.81183443180603,1.14203564383654,0,-1.50734139225149,4.04302063074941,-10.68528466081,0,0.166262280179633,3.9690316888832,-7.62055124220666,-0.102768688668388
-1.89889539013577,0.769032334942343,-1.07495352683067,-1.73309686269203,3.55545519272816,-13.7899710503506,0,0.452204914550729,3.2263624978043,-2.5510736447032,-0.113346219597174
-1.8626759413953,0.856122575755505,-0.919031028686265,-1.70435352263468,4.00440542600419,-13.4320063341528,0,0.372893783782684,4.02914260386646,-6.4228537151664,-0.110712041623396
-1.94530826075277,0.465268359471168,-1.51130206006247,-1.99809016272217,2.76761910619605,-14.3098804126491,-0.480299439853908,0.717055508191855,3.33121587962685,0,-0.137299035413375
-1.76104361552931,1.18450146127424,0,-1.53769443217481,3.95248540517875,-10.85201622525,0,0.119120125969394,2.83544315511749,-8.00602091356069,0
-1.88139008560538,0.807335044529547,-1.00854473835781,-1.73052700955573,3.80199011051409,-13.6845886024045,0,0.417930011475832,3.76011555453872,-4.90960025379339,-0.114801997504391
-1.82072333012223,1.03522465389089,-0.370604174740939,-1.59761913190136,3.86366484936359,-12.6947220735667,0,0.263208884186358,2.49660359836526,-6.03060705115447,0
-1.86473689870735,0.67257400462842,-0.993443720798318,-1.82187265833626,2.93964887333579,-13.6072399052862,0,0.497057064995443,2.45528550644951,0,-0.112832630467647
-1.94964484697382,0.330194298991322,-1.68010952269605,-2.11010659872511,2.58493933371462,-14.4835359568646,-0.755054044130386,0.82612779123712,3.53883484746362,0,-0.152186970602461
-1.80874927434142,1.08874779679163,0,-1.54816089973341,3.81170313166636,-12.0407757537707,0,0.214685361626003,1.82193652596212,-4.69064819378869,0
-2.00657872507893,0,-2.17939071574104,-2.42454924216798,1.97510256065289,-15.0088207347291,-1.40148196922827,1.13528900999625,4.23943041958301,0,-0.185692235855065
-1.91978741985853,0.407986810861355,-1.50189493984347,-2.04191221727986,2.68619711069443,-14.2524672799114,-0.584684702247531,0.742970188389136,3.23891013988337,0,-0.143884788642035
-1.78814083955548,1.14003712364185,0,-1.54464295733064,3.91470964928738,-11.6908827883018,0,0.179578029700383,2.76965697495597,-7.71472633437644,0
-1.78912879537766,1.12832830079595,0,-1.54452423188736,4.01766968560814,-11.723213372143,0,0.174201831256231,2.52271762176554,-6.81365458495087,0
-1.79457459562951,1.12986189002981,0,-1.54038801486788,4.00582188611854,-11.7189419687821,0,0.176131270638199,2.51218505028869,-6.87149692890223,0
-1.80996228941405,1.09266994088838,0,-1.55627012462933,3.74872464626604,-12.0711690504143,0,0.222018153721671,2.00396746791596,-5.54169673194951,0
-1.88493123711347,0.783213601653159,-1.02460714173264,-1.72116730806568,3.63727387700195,-13.6715417365169,0,0.432130674767296,3.22069888607192,-2.98054113856538,-0.112327211974985
-1.88111293168681,0.69940837588643,-1.027860007197,-1.79894757814756,3.067015658062,-13.6498663653559,0,0.489656983798901,2.52359823531351,0,-0.112077462997147
-1.75504694760872,1.19908566412494,0,-1.52908990291383,3.9054596366847,-10.7094496611834,0,0.110075868255381,2.83433890568014,-8.14463204433169,0
-1.82118743951571,1.0324545831995,-0.358661161123783,-1.60277964789635,3.81707262422544,-12.7112598333727,0,0.268543316483822,2.47232225877166,-5.98473487292289,0
-1.87409247463533,0.831715947055531,-0.989220631248151,-1.71107014413241,3.93128233119669,-13.6406071870299,0,0.396073359230442,3.88139733585564,-5.53918837608333,-0.112453352207213
-1.86745153317916,0.852770395892135,-0.974875043280597,-1.69120473116807,4.03225209644146,-13.5843222247523,0,0.375941561898372,3.95172568191325,-5.99638744778771,-0.108819387639504
-1.76817275624956,1.21684483712142,0,-1.5058749376277,3.50919934753935,-10.4270489589913,0,0.130392998569686,2.73995761074529,-7.32919858874836,0
-1.77978633212055,1.1546006748515,0,-1.54110787110252,4.05043320443067,-11.3855249036856,0,0.149233614112142,2.82901481982636,-7.7581343381679,0
-1.78418417123604,1.14514324365069,0,-1.54142976446357,3.98299921223152,-11.6508931806984,0,0.168782527196301,2.72599906864908,-7.76307840581362,0
-1.76394830082299,1.17043626229667,0,-1.54610322710046,3.97494779923857,-10.9807285117372,0,0.1280113401485,2.82029930288078,-7.78714766000238,0
-1.87028088032345,0.801516319763866,-0.974694639258713,-1.71043622778476,3.7428472205279,-13.5603604904729,0,0.40957811961929,3.27783057829442,-3.60709830601418,-0.111374021933121
-1.79425853748828,1.13571527216459,0,-1.52954744027927,4.04371749042525,-11.0764146195651,0,0.164916642364292,3.86599359307875,-8.38373066819744,-0.0749597524783683
-1.8615833150383,0.854766291376132,-0.958168666114004,-1.67900789488886,4.02974298858742,-13.4790538954153,0,0.367388267042788,3.78786898712751,-5.73305813563603,-0.105770525052903
-1.88925503932691,0.709661329156066,-1.03745276692431,-1.78936974364185,3.07818053562106,-13.6727027381192,0,0.489394777443644,2.51429498634482,0,-0.106592777600122
-1.90807696996347,0.52070072457957,-1.4469044236418,-1.97180955070963,3.66814106979078,-14.3110027761314,-0.648376309435711,0.661305976369701,4.69088339560116,-5.68771074238277,-0.147588336687194
-1.77647603561721,1.14820336768082,0,-1.54691532379023,4.05189136050125,-11.4285211643616,0,0.151605758375243,2.78757019937589,-7.54896139971727,0
-1.8764845212808,0.745879814724111,-0.924351463085905,-1.77002497118707,3.07893037765118,-13.5530856534304,0,0.46422283398022,2.25186778067778,0,-0.0835558313845226
-1.84012621656246,0.915589521556176,-0.863083054187588,-1.65767011276079,4.17858440603022,-13.1001478215618,0,0.314554502708769,4.07891197402782,-7.42816540439401,-0.0943300686772214
-1.84115960856257,0.917189966744387,-0.75760040561715,-1.67531180250507,4.090253819855,-12.8920052729185,0,0.319797652142821,4.18841754573586,-7.72194533371568,-0.10233949111124
-1.8854184109959,0.72670867841065,-0.994396236023579,-1.77970229399419,3.07923018204392,-13.6324584236102,0,0.478950009119671,2.40334562868256,0,-0.0956148998976227
-1.79537159752584,1.1335731776342,0,-1.53863723673161,3.99773068229053,-11.7094356457192,0,0.17551813658938,2.54889998212762,-7.10656540587214,0
-1.80831184852008,1.10745740955836,0,-1.54428214024989,3.87195501032913,-11.9698145619981,0,0.204521299261832,2.15323879760618,-5.96842185133886,0
-1.79240972904538,1.13032528879036,0,-1.55105435564767,3.77131099685901,-11.6521840900375,0,0.193511545222649,2.70995961479363,-7.36886303260109,0
-1.7651277304489,1.15711719750341,0,-1.55324065801516,3.97441791155842,-11.0795838958088,0,0.13612059874826,2.77506652166402,-7.52227830839545,0
-1.8953284153311,0.531225856725495,-1.2817478708787,-1.93982152041431,2.8463188339315,-13.9736223608415,-0.330757969188452,0.629665184133389,2.9081906711479,0,-0.13071061372203
-1.96881361877473,0,-2.02783153521484,-2.36488872353825,1.45931529582395,-14.8020079582987,-1.04435297199174,1.06519081483828,3.60870155365963,0,-0.143367619269042
-1.80483350284615,1.10460954411615,0,-1.55905381950561,3.78661529765316,-12.0253953386365,0,0.217390231228872,2.4839260403146,-6.64773584374888,0
-1.85051319364201,0.892413686452072,-0.879183061664508,-1.68183770307193,4.11951717100098,-13.2728687534797,0,0.340796788939741,4.16039339798386,-7.24698531360562,-0.103479433511645
-1.79959783299416,1.11991327156249,0,-1.54712887208803,3.89579106473048,-11.8927460242284,0,0.195899441695221,2.44755384559829,-6.86119416736974,0
-1.84594755906222,0.905617173912404,-0.881764402628706,-1.66743846779941,4.16502661683137,-13.2277957742145,0,0.327177387579284,4.14933574646387,-7.39215041469626,-0.0982522782109746
-1.77347560699344,1.17042315263109,0,-1.53369139963221,3.72715793223353,-11.0941430804064,0,0.155656319729006,2.77865884187112,-7.74678345725624,0
-1.83438343544154,0.92047065885985,-0.844508268324997,-1.65500928913968,4.17641070581521,-12.9966392681007,0,0.306796272264623,4.00773147120046,-7.40694267509749,-0.0924435710770105
-1.82193882917913,1.02898198176164,-0.381570362854363,-1.59611690252547,3.86749075015299,-12.7136734019446,0,0.26534105675474,2.42721244510448,-5.66477011604028,0
-1.86182931473544,0.865780174544188,-0.956785654850826,-1.6784700712446,4.08082270547098,-13.4976285672967,0,0.361711388977678,3.95952696617902,-6.24657124445425,-0.105656304634087
-1.83290947380679,0.909579514610899,-0.84993367018252,-1.6595997491873,4.15783123186678,-13.0246214594437,0,0.31232924402815,3.91339404817401,-7.09310266301418,-0.0948146613475077
-1.80920157238552,1.08580669769967,0,-1.55577802204286,3.9324341930925,-11.5553842039329,0,0.211324977593895,3.60084322402964,-7.61306112795717,-0.0684555601520695
-1.87970750895919,0.823276860510372,-1.01504634279954,-1.6968635450013,3.8930803687719,-13.6784738466983,0,0.401569296464899,3.6660845618511,-4.71535706997075,-0.110720000320324
-1.77194145039203,1.17334665029994,0,-1.53276102480949,3.83471999075142,-11.1303749098561,0,0.147396838645375,2.81935619410801,-7.98616560543616,0
-1.84296709628096,0.903927562777618,-0.761631984308384,-1.68332721646549,4.05232812698238,-12.9302424635934,0,0.329787569396846,4.14161448462477,-7.48709459126455,-0.10569708805647
-1.77322826279063,1.17185160185899,0,-1.53435234575031,3.98848416196963,-11.187184011617,0,0.138386497333948,2.8695506287121,-8.14035241385561,0
-1.84914283001544,0.869126754698539,-0.910658807909569,-1.67300703128595,4.06777093391649,-13.3054420174556,0,0.348771473580597,3.76458302228723,-6.04334426729178,-0.10311300541781
-1.80782575385905,1.10554853021482,0,-1.53225726627923,4.07848398020926,-11.1489644538011,0,0.186232095661399,3.9640346771077,-7.92277945897909,-0.0969950923485019
-1.83839629791944,0.928434909261952,-0.805314657994369,-1.66496935258957,4.15726121904682,-12.9814313104403,0,0.309886704001302,4.23080950587135,-7.93023984841372,-0.0950966466313548
-1.8015837648272,1.1095562810529,0,-1.54363575816204,3.91391831390385,-11.9061748685243,0,0.195836495870932,2.14544030539247,-5.84290268232819,0
-1.90723504990843,0.371174490305701,-0.918906903246,-2.10020585920644,3.49056860099751,-12.7581568024617,-1.11417497251271,0.762987070296794,4.57074085688691,-5.4485344991454,-0.177001350172864
-1.99785550700763,0,-2.07654387596491,-2.46113018256042,1.67909746939204,-14.7071054305449,-1.30060317252363,1.13050885380708,4.1639000603265,0,-0.181751147838374
-1.89393085876614,0.488603185852004,-1.36715759280898,-2.01562468946716,3.59506799927259,-13.9748960505017,-0.705650356132801,0.672638404908547,4.73438405844947,-6.31201738835749,-0.150038701229457
-1.98745192400628,0,-2.09064906464432,-2.43666651648823,1.74402330596711,-14.8365178946167,-1.24782854282042,1.10713820973785,4.09718331823018,0,-0.172088457527557
-1.99938848857697,0,-1.4424019963614,-2.52929259570704,1.38589450241216,-13.6913832057559,-1.60401070747095,1.20883470642037,4.25680718269031,0,-0.227926564101768
-1.8166783881699,1.02718341259379,0,-1.58473607844116,3.73452520610369,-11.7400825785151,0,0.253583198931646,3.42808091029414,-6.60770397565612,-0.077155161081082
-1.90477642621707,0.504394387788907,-1.433793067685,-1.99333949538111,3.63783953495277,-14.2315943111839,-0.674327581584026,0.670718276568219,4.7216573584926,-5.89536650258094,-0.149144390570727
-2.00014886114767,0,-1.39996735347501,-2.48142178465934,2.84637385633174,-13.8204529907257,-1.83090486287352,1.16191285722356,4.75575562803168,-3.45022925626334,-0.224842206243885
-1.89209637987149,0.433977532322538,-1.32909018365051,-2.06119921299932,3.48377483094748,-13.7363900458437,-0.809643526811171,0.708370275104713,4.73773328502249,-6.34445534089413,-0.155960427670117
-1.90436278999343,0.33741038308293,-1.31852749831241,-2.13574817562413,3.32457163372141,-13.5448934184114,-0.994323874921708,0.783673204842899,4.72974583236262,-5.93627309161358,-0.168080837771678
-1.90167786961621,0.606465658793109,0,-1.90410770681289,4.12339226965746,-11.8516065266548,-0.949229272390523,0.592022318755594,4.24458970491456,-4.92541721007305,-0.176854116151596
-1.81610374356394,1.20101528504912,0,-1.46615925403633,4.0629416226966,-10.105085597216,0,0.136175931932189,3.82327622405928,-6.67664769913875,-0.111631028054858
-1.86086709766448,0.802472967347061,0,-1.76464116516095,4.32325361590552,-11.067570786384,-0.710396309597671,0.434255767823047,4.01079637557297,-4.82719855685898,-0.164485777503629
-1.93692570095704,0.41720566242219,0,-2.06775129821552,3.94234592037398,-12.288091574688,-1.25876383889526,0.757778004951128,4.303426509478,-4.0941483750181,-0.196555501589767
-2.02379072684486,0,-1.79162715077296,-2.62155557180532,1.31452065413472,-14.1947018629857,-1.84056797449678,1.31201233972949,4.48508296359301,0,-0.244759087503566
-1.95608931946543,0.34253243555667,-1.70931062855244,-2.12014196965383,3.30641900763719,-14.6449729703927,-0.964392666526301,0.835154051129753,4.74962145417423,-4.34070607482251,-0.170584154590391
-1.85147077538207,0.83350982714007,-0.703933591727779,-1.72546536171294,3.69329025878785,-12.865129291637,0,0.380369866426994,3.8197442933825,-6.09234689843324,-0.116614129791902
-1.85439091301091,0.782764686393246,-0.55369585388165,-1.75101615132938,3.30256631680724,-12.5725412527292,0,0.412158384826901,3.57630085040188,-5.11272356196027,-0.120244895644404
-2.03822680934148,0,-2.09367093968578,-2.60117818169678,1.44604005754307,-14.4730866734737,-1.71976059155199,1.28431325187576,4.46942083494761,0,-0.230213317839923
-1.9710279111438,0,-1.10616381121104,-2.4274236750566,2.99494671642659,-13.4201262433601,-1.75582148013643,1.09351985490632,4.7097209142571,-3.95186232093203,-0.213979166303827
-2.03237458344969,0,-2.03770502850055,-2.57570176097888,1.43651320458222,-14.3608132113638,-1.62317775132556,1.25238485471974,4.40854636474614,0,-0.222619560568267
-1.82107070243756,1.37385104720685,1.23453940439058,-1.33207526034886,4.65011994217645,-9.32380495264688,0,0.0202184729719825,3.77753644854537,-6.54625448464157,-0.114855873743969
-1.82749686033082,1.30742257534279,1.5253740158801,-1.35402574383434,4.97367042766712,-9.67836957314892,0,0.0504124840194584,3.44296600794879,-4.64567087814223,-0.142813987900818
-1.93757323258431,0,-0.749111891767607,-2.35475099540814,2.44037625388028,-12.9722124056683,-1.43679898451243,1.01183990915292,4.37239753009613,-3.52711896766333,-0.191042369042564
-1.82343077925573,1.15229435466257,0,-1.49392701270038,3.99722740013132,-10.1288794404434,0,0.170353535352657,3.53287656793643,-4.98942922474723,-0.1275048429412
-2.01399162160634,0,-2.10797608628278,-2.4873707999899,1.69815972131809,-14.6837173290777,-1.40753775151491,1.16560243346614,4.2783459816116,0,-0.194479055076023
-1.8488743982856,0.849770847544158,0,-1.68081908978842,3.15537053328295,-11.8309623142331,0,0.367190963697838,3.28227558255558,-4.47656433905495,-0.111822356689808
-1.88944883077706,0.586528004007575,0,-1.94768154934834,4.29897045121276,-11.6955765982435,-1.11232551819179,0.617184043685489,4.1785932905179,-4.27704406851539,-0.187122055437993
-1.87645030002605,0.741368612457844,0,-1.76373662809588,3.57379374002522,-11.7930320314693,-0.376088063003291,0.458197237628778,3.82373203265053,-4.81336005884114,-0.148364870372461
-1.8684631041562,0.707029551702628,1.51335642201153,-1.83490671418607,4.92827707446915,-11.5423698186083,-1.24035391261896,0.544533338451874,4.11797644359269,-4.1706272880523,-0.198337354338493
-2.01149190732842,0,-1.53649213329093,-2.56862056978447,1.4109392327303,-13.8799525248043,-1.73234530797391,1.25580060937059,4.36556715186021,0,-0.23735437384344
-1.82683501608043,1.05849856874492,0,-1.54471123246326,4.05868385025786,-11.2169139500759,0,0.219205015679266,3.90121791166792,-6.97185165344035,-0.117088993553891
-1.83587610333282,1.40218942371037,1.98330794787021,-1.29425546211552,5.13084405182083,-9.23459057582283,0,-0.00743007622549868,3.65516690697068,-5.79969843328972,-0.130949183784299
-2.00172448095872,0,-1.85512911833767,-2.53049407966044,1.2834428487474,-14.0832705167693,-1.44842534573821,1.19202831888138,4.23401121976744,0,-0.210537983050029
-1.99400061963389,0,-1.92496624457601,-2.45530117666443,2.61333625119092,-14.5024172377109,-1.56838743508587,1.12804067461244,4.88636816419689,-3.90891466986774,-0.204176443180046
-2.01197173906566,0,-1.42191251237583,-2.51668240878879,2.70295670273863,-13.954292048178,-1.90346759444914,1.20630629272544,4.72663817484802,-2.89089638316774,-0.232979251583931
-1.9655714420039,0,-1.76370058693217,-2.42910559680816,2.6777656757153,-14.2006146794864,-1.52299134382446,1.08399246070938,4.87461472326497,-4.5153219751074,-0.197511702708668
-2.02732159879823,0,-1.96575426565734,-2.60910162762768,1.33066476187964,-14.2987376295032,-1.73726948649841,1.28837182783509,4.45823683044756,0,-0.234946598567466
-1.92543242164299,0.326215085021048,-0.861221983994249,-2.14326190903305,3.53046086227891,-12.7475548871251,-1.24373210437122,0.811688281865422,4.56576942107599,-5.016521842702,-0.186831665335362
-1.91836573633819,0.352419271786518,0,-2.15017958204961,4.08827956992351,-12.5680879100769,-1.56090256065939,0.834397881454333,4.3968295379417,-3.82410175042043,-0.212226061246064
-1.84811068356057,0.958337891593095,0,-1.60070476896018,3.75376490264018,-11.4420323867147,0,0.289907279622639,3.65282710058873,-5.53051830283492,-0.127897915721229
-2.00079942822442,0,-1.72568839528458,-2.54150335568882,1.26292539047523,-13.9199637795619,-1.53033275616482,1.20936517805555,4.26832966998329,0,-0.22057782394814
-2.01085209354392,0,-2.00110030543821,-2.52242243929623,1.45541916208858,-14.366191116959,-1.4404411326515,1.18825125591781,4.26656568987258,0,-0.204751784329634
-2.00155223432588,0,-1.58127912168457,-2.48627250652154,2.66919427204332,-13.9779548930822,-1.76492116904134,1.16499912409269,4.74709776505752,-3.27617101670442,-0.222642671070954
-1.95248780263292,0,0,-2.36270254144146,3.00845079819317,-13.031083655189,-1.73353041712767,1.04809721500579,4.39764670691147,-2.96430759896547,-0.216491247878024
-1.8281801729924,0.937078257804271,-0.516954002922646,-1.65504949500552,3.95730795243654,-12.3088178945493,0,0.29960237820654,4.02976728324977,-7.45576453419553,-0.109586226236901
-1.82994635854741,0.934696622181503,-0.612412997096518,-1.66334928160171,4.01543273896783,-12.5019461279504,0,0.302799938751488,4.10285130422448,-7.72908126874954,-0.10513300117044
-1.87306123133237,0.794203430244144,-0.916660484232981,-1.75289027087888,3.66488342171758,-13.4097565290733,0,0.421472308352579,3.74359507275761,-5.19255158921684,-0.116650068864115
-1.957060897127,0,-1.57866388586957,-2.41538283368994,2.72218488661626,-13.8468666297742,-1.5475147515272,1.06784143259706,4.82438196710317,-4.62484738080919,-0.197497648692838
-1.98513992618358,0,-1.99579999805278,-2.43428365332041,2.54900781960541,-14.7028920657878,-1.4783135660725,1.10705336748133,4.9033531607371,-3.96264914772537,-0.192800082681407
-1.86034891138421,0.469339684486461,0,-2.01516700563589,3.97786787485891,-11.9951450029586,-1.21583741549089,0.684038968292509,3.96256896411297,-2.84923423042869,-0.199690263488167
-1.83319193509658,1.1051863820896,0,-1.51116034287312,4.04878944694035,-10.6033671808983,0,0.196056065475405,3.69455755082391,-5.72932008868321,-0.127100215444848
-1.85601780521825,1.01324353034071,1.69373593166018,-1.59967459826487,5.23814486620801,-10.4238564059391,-0.74523700278195,0.294303964019885,3.95979218167986,-5.04623843187445,-0.167515537059504
-1.9306835724664,0.309656156268536,-1.58493437236738,-2.16479439536468,3.27709509252547,-14.2436979139684,-0.998131313721984,0.83219526350738,4.80763601125339,-5.33865256212431,-0.170406677809406
-1.84567496065936,0.876097488472325,-0.753319430293063,-1.7002486651262,3.93717826208686,-12.9519299564438,0,0.349941821716256,4.01897502082713,-6.95051494740555,-0.111198228740247
-1.84376999640401,0.991137544414836,0,-1.57754287670639,3.74486934348729,-10.9200552371722,0,0.26783411707295,3.40816976460313,-4.17597414091631,-0.137369667006715
-1.95450417865426,0,-1.96264623185149,-2.41400173931146,2.01374845774713,-14.6874943534372,-1.21151216275106,1.06137315029057,4.40298675836141,-2.57376668522024,-0.164776831006439
-1.98412679022347,0,-1.13626730369592,-2.46972759884797,3.04038914131781,-13.6728894206168,-1.89677820861621,1.14751651002659,4.73693207537687,-3.55184403758171,-0.226703444028287
-1.94257357314538,0,-1.81919025217444,-2.41211951065146,2.38103503550337,-14.3484557926604,-1.33854533587965,1.05041468302077,4.75342591994749,-4.41297879725551,-0.177229313508534
-1.8277868786698,0.992165062541928,0,-1.59601721566823,3.72322861867747,-11.7063904879364,0,0.27260529593263,3.53978347817881,-6.24627001228476,-0.0969747076887314
-1.82845355139257,1.09854741004431,0,-1.51940696162351,4.03215065675069,-10.7933435508883,0,0.198363671161103,3.83378986613903,-6.54392630486264,-0.119326993434583
-2.02840640952516,0,-2.10354097836426,-2.53210761878869,1.60580244399239,-14.5531619179312,-1.52647909915627,1.21211199247971,4.36462521814756,0,-0.209624404986845
-1.86224269788022,0.827255026022641,1.44879550258273,-1.74623545154335,5.05735380796748,-11.0721492729347,-1.03215169887128,0.442405385028334,4.05697129491893,-4.54093408811297,-0.184420441828751
-1.92874426172929,0.388400687923495,-1.57982875884824,-2.09127825524241,3.42179332869323,-14.406692982231,-0.868145302575687,0.775732180984465,4.77570520324052,-5.24263826577959,-0.163017886345134
-1.93458503017926,0,0,-2.33429253080303,2.73324254745061,-12.767776914927,-1.55320461002908,1.00475115985849,4.19445337796448,-2.51447752479374,-0.205558096522271
-1.89673352164411,0.443718451257929,0,-2.06860249392174,4.19427844818695,-12.214750131367,-1.39773989525724,0.742571779275712,4.31627946231109,-4.0159790332554,-0.201853512342891
-1.98483698713314,0,-1.60194288101759,-2.45159706989346,2.75735513539495,-13.9439343261503,-1.67078168191972,1.12001976521749,4.80063638466979,-3.94845407205975,-0.212208078038667
-1.94928647056191,0,-1.34920407491443,-2.4014607745775,2.72346574452012,-13.5079223313118,-1.56781904652001,1.05383536804774,4.73027217019264,-4.46409412046146,-0.197469790127166
-1.9815246696716,0,-1.38586633921835,-2.44551871609051,2.90228748265762,-13.6882149003296,-1.74045958813951,1.11472785730566,4.77706741469857,-3.98828004102459,-0.214954405036505
-1.91107284801042,0,-1.35170106035559,-2.37073381705765,1.98262426542284,-13.4755817477234,-1.21039078258447,0.999114462977883,4.38068374913716,-4.10301935491548,-0.167438703638705
-2.00079942822442,0,-1.72568839528458,-2.54150335568882,1.26292539047523,-13.9199637795619,-1.53033275616482,1.20936517805555,4.26832966998329,0,-0.22057782394814
-2.00079942822442,0,-1.72568839528458,-2.54150335568882,1.26292539047523,-13.9199637795619,-1.53033275616482,1.20936517805555,4.26832966998329,0,-0.22057782394814
